pretty_id	gene_id	log2FoldChange	padj	Description	PFAMs	ips_ipr	ips_ipr_desc	ips_pathway	go_all
gene-IR01_00138	lcl|NW_015622504.1_cds_XP_016227822.1_152	0.899583705580105	0.0400517936237304	RNA recognition motif	RRM_1				GO:0000723,GO:0000956,GO:0003674,GO:0003676,GO:0003677,GO:0003697,GO:0003723,GO:0003729,GO:0005488,GO:0005575,GO:0005622,GO:0005623,GO:0005634,GO:0005737,GO:0005829,GO:0006139,GO:0006259,GO:0006401,GO:0006402,GO:0006403,GO:0006405,GO:0006406,GO:0006611,GO:0006725,GO:0006807,GO:0006810,GO:0006886,GO:0006913,GO:0006996,GO:0008104,GO:0008150,GO:0008152,GO:0009056,GO:0009057,GO:0009892,GO:0009987,GO:0010467,GO:0010468,GO:0010494,GO:0010605,GO:0010629,GO:0015031,GO:0015833,GO:0015931,GO:0016020,GO:0016021,GO:0016043,GO:0016070,GO:0016071,GO:0016973,GO:0019222,GO:0019439,GO:0031224,GO:0031503,GO:0032200,GO:0032991,GO:0033036,GO:0034613,GO:0034641,GO:0034655,GO:0035770,GO:0036464,GO:0042162,GO:0042592,GO:0042886,GO:0043047,GO:0043170,GO:0043226,GO:0043227,GO:0043228,GO:0043229,GO:0043231,GO:0043232,GO:0043565,GO:0044237,GO:0044238,GO:0044248,GO:0044260,GO:0044265,GO:0044270,GO:0044424,GO:0044425,GO:0044444,GO:0044464,GO:0045184,GO:0046483,GO:0046700,GO:0046907,GO:0048519,GO:0050657,GO:0050658,GO:0050789,GO:0051028,GO:0051168,GO:0051169,GO:0051179,GO:0051234,GO:0051236,GO:0051276,GO:0051641,GO:0051649,GO:0060249,GO:0060255,GO:0065007,GO:0065008,GO:0070727,GO:0071025,GO:0071027,GO:0071028,GO:0071166,GO:0071426,GO:0071427,GO:0071702,GO:0071704,GO:0071705,GO:0071840,GO:0090304,GO:0097159,GO:0098847,GO:1901360,GO:1901361,GO:1901363,GO:1901575,GO:1990904
gene-IR01_00139	lcl|NW_015622504.1_cds_XP_016227826.1_156	-22.0975282628152	1.47869245565321e-06	RNA recognition motif	RRM_1				GO:0000723,GO:0000956,GO:0003674,GO:0003676,GO:0003677,GO:0003697,GO:0003723,GO:0003729,GO:0005488,GO:0005575,GO:0005622,GO:0005623,GO:0005634,GO:0005737,GO:0005829,GO:0006139,GO:0006259,GO:0006401,GO:0006402,GO:0006403,GO:0006405,GO:0006406,GO:0006611,GO:0006725,GO:0006807,GO:0006810,GO:0006886,GO:0006913,GO:0006996,GO:0008104,GO:0008150,GO:0008152,GO:0009056,GO:0009057,GO:0009892,GO:0009987,GO:0010467,GO:0010468,GO:0010494,GO:0010605,GO:0010629,GO:0015031,GO:0015833,GO:0015931,GO:0016020,GO:0016021,GO:0016043,GO:0016070,GO:0016071,GO:0016973,GO:0019222,GO:0019439,GO:0031224,GO:0031503,GO:0032200,GO:0032991,GO:0033036,GO:0034613,GO:0034641,GO:0034655,GO:0035770,GO:0036464,GO:0042162,GO:0042592,GO:0042886,GO:0043047,GO:0043170,GO:0043226,GO:0043227,GO:0043228,GO:0043229,GO:0043231,GO:0043232,GO:0043565,GO:0044237,GO:0044238,GO:0044248,GO:0044260,GO:0044265,GO:0044270,GO:0044424,GO:0044425,GO:0044444,GO:0044464,GO:0045184,GO:0046483,GO:0046700,GO:0046907,GO:0048519,GO:0050657,GO:0050658,GO:0050789,GO:0051028,GO:0051168,GO:0051169,GO:0051179,GO:0051234,GO:0051236,GO:0051276,GO:0051641,GO:0051649,GO:0060249,GO:0060255,GO:0065007,GO:0065008,GO:0070727,GO:0071025,GO:0071027,GO:0071028,GO:0071166,GO:0071426,GO:0071427,GO:0071702,GO:0071704,GO:0071705,GO:0071840,GO:0090304,GO:0097159,GO:0098847,GO:1901360,GO:1901361,GO:1901363,GO:1901575,GO:1990904
gene-IR01_00337	lcl|NW_015622504.1_cds_XP_016228038.1_368	0.765785929782683	0.0359144565558104	Histone H2B	Histone				GO:0000122,GO:0000228,GO:0000785,GO:0000786,GO:0000788,GO:0000790,GO:0003674,GO:0003676,GO:0003677,GO:0005488,GO:0005575,GO:0005622,GO:0005623,GO:0005634,GO:0005657,GO:0005694,GO:0006139,GO:0006259,GO:0006281,GO:0006301,GO:0006325,GO:0006333,GO:0006355,GO:0006357,GO:0006725,GO:0006807,GO:0006950,GO:0006974,GO:0006996,GO:0008150,GO:0008152,GO:0009889,GO:0009890,GO:0009892,GO:0009987,GO:0010468,GO:0010556,GO:0010558,GO:0010605,GO:0010629,GO:0016043,GO:0019219,GO:0019222,GO:0031298,GO:0031323,GO:0031324,GO:0031326,GO:0031327,GO:0031974,GO:0031981,GO:0032991,GO:0032993,GO:0033554,GO:0034641,GO:0035861,GO:0043170,GO:0043226,GO:0043227,GO:0043228,GO:0043229,GO:0043231,GO:0043232,GO:0043233,GO:0043596,GO:0044237,GO:0044238,GO:0044260,GO:0044422,GO:0044424,GO:0044427,GO:0044428,GO:0044446,GO:0044454,GO:0044464,GO:0044815,GO:0045892,GO:0045934,GO:0046483,GO:0048519,GO:0048523,GO:0050789,GO:0050794,GO:0050896,GO:0051171,GO:0051172,GO:0051252,GO:0051253,GO:0051276,GO:0051716,GO:0060255,GO:0065007,GO:0070013,GO:0071704,GO:0071840,GO:0080090,GO:0090304,GO:0090734,GO:0097159,GO:1901360,GO:1901363,GO:1902679,GO:1903506,GO:1903507,GO:2000112,GO:2000113,GO:2001141
gene-IR01_00338	lcl|NW_015622504.1_cds_XP_016228039.1_369	0.933610831282406	0.0321371179556583	Histone H2A	Histone,Histone_H2A_C				GO:0000070,GO:0000122,GO:0000228,GO:0000278,GO:0000280,GO:0000775,GO:0000781,GO:0000784,GO:0000785,GO:0000786,GO:0000788,GO:0000790,GO:0000792,GO:0000819,GO:0003674,GO:0003676,GO:0003677,GO:0005488,GO:0005575,GO:0005622,GO:0005623,GO:0005634,GO:0005657,GO:0005694,GO:0005720,GO:0005721,GO:0005724,GO:0006139,GO:0006259,GO:0006281,GO:0006282,GO:0006323,GO:0006325,GO:0006333,GO:0006342,GO:0006355,GO:0006357,GO:0006725,GO:0006807,GO:0006950,GO:0006974,GO:0006996,GO:0007049,GO:0007059,GO:0007076,GO:0008104,GO:0008150,GO:0008152,GO:0009889,GO:0009890,GO:0009892,GO:0009893,GO:0009987,GO:0010468,GO:0010556,GO:0010558,GO:0010604,GO:0010605,GO:0010629,GO:0016043,GO:0016458,GO:0019219,GO:0019222,GO:0022402,GO:0030261,GO:0031298,GO:0031323,GO:0031324,GO:0031325,GO:0031326,GO:0031327,GO:0031618,GO:0031933,GO:0031934,GO:0031974,GO:0031981,GO:0032991,GO:0032993,GO:0033036,GO:0033365,GO:0033553,GO:0033554,GO:0034501,GO:0034502,GO:0034613,GO:0034641,GO:0040029,GO:0043170,GO:0043226,GO:0043227,GO:0043228,GO:0043229,GO:0043231,GO:0043232,GO:0043233,GO:0043596,GO:0044237,GO:0044238,GO:0044260,GO:0044422,GO:0044424,GO:0044427,GO:0044428,GO:0044446,GO:0044454,GO:0044464,GO:0044815,GO:0045739,GO:0045814,GO:0045892,GO:0045934,GO:0045935,GO:0046483,GO:0048285,GO:0048518,GO:0048519,GO:0048522,GO:0048523,GO:0048583,GO:0048584,GO:0050789,GO:0050794,GO:0050896,GO:0051052,GO:0051054,GO:0051171,GO:0051172,GO:0051173,GO:0051179,GO:0051252,GO:0051253,GO:0051276,GO:0051641,GO:0051716,GO:0060255,GO:0061587,GO:0065007,GO:0070013,GO:0070727,GO:0071103,GO:0071459,GO:0071704,GO:0071840,GO:0080090,GO:0080134,GO:0080135,GO:0090304,GO:0097159,GO:0098687,GO:0098813,GO:0140014,GO:1901360,GO:1901363,GO:1902377,GO:1902679,GO:1903047,GO:1903506,GO:1903507,GO:2000112,GO:2000113,GO:2001020,GO:2001022,GO:2001141
gene-IR01_00378	lcl|NW_015622504.1_cds_XP_016228097.1_427	8.14309319360511	0.00950508227656779	Chromosome transmission fidelity protein 1	DEAD_2,Helicase_C_2				GO:0000070,GO:0000228,GO:0000278,GO:0000280,GO:0000785,GO:0000790,GO:0000819,GO:0003674,GO:0003678,GO:0003824,GO:0004003,GO:0004386,GO:0005575,GO:0005622,GO:0005623,GO:0005634,GO:0005694,GO:0006139,GO:0006259,GO:0006260,GO:0006261,GO:0006281,GO:0006725,GO:0006807,GO:0006950,GO:0006974,GO:0006996,GO:0007049,GO:0007059,GO:0007062,GO:0007064,GO:0008026,GO:0008094,GO:0008150,GO:0008152,GO:0009058,GO:0009059,GO:0009987,GO:0016043,GO:0016462,GO:0016787,GO:0016817,GO:0016818,GO:0016887,GO:0017111,GO:0022402,GO:0031974,GO:0031981,GO:0032392,GO:0032508,GO:0033554,GO:0034085,GO:0034641,GO:0034645,GO:0035861,GO:0036297,GO:0042623,GO:0043170,GO:0043226,GO:0043227,GO:0043228,GO:0043229,GO:0043231,GO:0043232,GO:0043233,GO:0044237,GO:0044238,GO:0044249,GO:0044260,GO:0044422,GO:0044424,GO:0044427,GO:0044428,GO:0044446,GO:0044454,GO:0044464,GO:0045005,GO:0046483,GO:0048285,GO:0050896,GO:0051276,GO:0051716,GO:0070013,GO:0070035,GO:0071103,GO:0071704,GO:0071840,GO:0090304,GO:0090734,GO:0098813,GO:0140014,GO:0140097,GO:1901360,GO:1901576,GO:1903047
gene-IR01_00451	lcl|NW_015622504.1_cds_XP_016228179.1_509	0.543108547993229	0.0115228342440569	Ig-like domain from next to BRCA1 gene	ATG19_autophagy,N_BRCA1_IG,ZZ				GO:0000322,GO:0000323,GO:0000324,GO:0000328,GO:0005575,GO:0005622,GO:0005623,GO:0005737,GO:0005768,GO:0005770,GO:0005771,GO:0005773,GO:0005775,GO:0006914,GO:0008104,GO:0008150,GO:0008152,GO:0009056,GO:0009987,GO:0012505,GO:0016236,GO:0031410,GO:0031974,GO:0031982,GO:0032991,GO:0033036,GO:0033365,GO:0034613,GO:0043226,GO:0043227,GO:0043229,GO:0043231,GO:0043233,GO:0044237,GO:0044248,GO:0044422,GO:0044424,GO:0044437,GO:0044444,GO:0044446,GO:0044464,GO:0051179,GO:0051641,GO:0061919,GO:0061957,GO:0070013,GO:0070727,GO:0072665,GO:0097708,GO:0120113
gene-IR01_00505	lcl|NW_015622504.1_cds_XP_016228235.1_565	0.795243370406698	0.0304645374470554	RecF/RecN/SMC N terminal domain	AAA_23,SMC_N				GO:0000724,GO:0000725,GO:0000793,GO:0003674,GO:0003676,GO:0003677,GO:0003684,GO:0003697,GO:0003824,GO:0005488,GO:0005575,GO:0005622,GO:0005623,GO:0005634,GO:0005694,GO:0005737,GO:0005739,GO:0006139,GO:0006259,GO:0006281,GO:0006302,GO:0006310,GO:0006725,GO:0006807,GO:0006950,GO:0006974,GO:0007049,GO:0007059,GO:0008094,GO:0008150,GO:0008152,GO:0009987,GO:0016462,GO:0016787,GO:0016817,GO:0016818,GO:0016887,GO:0017111,GO:0022402,GO:0030915,GO:0032991,GO:0033554,GO:0033676,GO:0034641,GO:0035861,GO:0042623,GO:0043170,GO:0043226,GO:0043227,GO:0043228,GO:0043229,GO:0043231,GO:0043232,GO:0044237,GO:0044238,GO:0044260,GO:0044422,GO:0044424,GO:0044427,GO:0044444,GO:0044446,GO:0044464,GO:0046483,GO:0050000,GO:0050896,GO:0051179,GO:0051304,GO:0051640,GO:0051641,GO:0051716,GO:0071139,GO:0071704,GO:0090304,GO:0090734,GO:0097159,GO:0097240,GO:0106068,GO:1901360,GO:1901363,GO:1902494,GO:1990234,GO:1990683
gene-IR01_00926	lcl|NW_015622504.1_cds_XP_016228693.1_1023	-1.8600975696556	0.0139848783005544	Small MutS-related domain	DUF1771,Smr				GO:0003674,GO:0003824,GO:0004518,GO:0004519,GO:0005575,GO:0005622,GO:0005623,GO:0005737,GO:0006139,GO:0006259,GO:0006281,GO:0006725,GO:0006793,GO:0006796,GO:0006807,GO:0006950,GO:0006974,GO:0008150,GO:0008152,GO:0009987,GO:0016301,GO:0016310,GO:0016740,GO:0016772,GO:0016773,GO:0016787,GO:0016788,GO:0019205,GO:0033554,GO:0034641,GO:0043170,GO:0044237,GO:0044238,GO:0044260,GO:0044424,GO:0044464,GO:0046404,GO:0046483,GO:0050896,GO:0051716,GO:0051731,GO:0051733,GO:0051734,GO:0071704,GO:0071944,GO:0090304,GO:0090305,GO:1901360
gene-IR01_01099	lcl|NW_015622504.1_cds_XP_016228908.1_1238	-1.65990941023946	0.046548467283679	Type III restriction enzyme, res subunit	DEAD,Helicase_C				GO:0000460,GO:0000463,GO:0000466,GO:0000470,GO:0003674,GO:0003724,GO:0003824,GO:0004004,GO:0004386,GO:0005575,GO:0005622,GO:0005623,GO:0005634,GO:0005730,GO:0005737,GO:0006139,GO:0006364,GO:0006396,GO:0006725,GO:0006807,GO:0008026,GO:0008150,GO:0008152,GO:0008186,GO:0009987,GO:0010467,GO:0010501,GO:0016070,GO:0016072,GO:0016462,GO:0016787,GO:0016817,GO:0016818,GO:0016887,GO:0017111,GO:0022613,GO:0030684,GO:0030687,GO:0031974,GO:0031981,GO:0032991,GO:0034470,GO:0034641,GO:0034660,GO:0042254,GO:0042273,GO:0042623,GO:0043170,GO:0043226,GO:0043227,GO:0043228,GO:0043229,GO:0043231,GO:0043232,GO:0043233,GO:0044085,GO:0044237,GO:0044238,GO:0044422,GO:0044424,GO:0044428,GO:0044446,GO:0044464,GO:0046483,GO:0070013,GO:0070035,GO:0071704,GO:0071840,GO:0090304,GO:0140098,GO:1901360,GO:1990904
gene-IR01_01526	lcl|NW_015622504.1_cds_XP_016229378.1_1708	1.03338983195238	0.0284394438090444	Bromodomain extra-terminal - transcription regulation	BET,Bromodomain				GO:0000228,GO:0000785,GO:0000790,GO:0000812,GO:0001047,GO:0001067,GO:0001085,GO:0001091,GO:0001094,GO:0001098,GO:0001099,GO:0001672,GO:0003674,GO:0003676,GO:0003677,GO:0003682,GO:0005488,GO:0005515,GO:0005575,GO:0005622,GO:0005623,GO:0005634,GO:0005694,GO:0006139,GO:0006259,GO:0006281,GO:0006325,GO:0006338,GO:0006351,GO:0006355,GO:0006725,GO:0006807,GO:0006950,GO:0006974,GO:0006996,GO:0008134,GO:0008150,GO:0008152,GO:0009058,GO:0009059,GO:0009301,GO:0009889,GO:0009987,GO:0010467,GO:0010468,GO:0010556,GO:0010638,GO:0010639,GO:0010847,GO:0016043,GO:0016070,GO:0016073,GO:0018130,GO:0019219,GO:0019222,GO:0019438,GO:0031323,GO:0031326,GO:0031445,GO:0031452,GO:0031454,GO:0031491,GO:0031493,GO:0031935,GO:0031938,GO:0031974,GO:0031981,GO:0032774,GO:0032991,GO:0033043,GO:0033044,GO:0033554,GO:0033696,GO:0034641,GO:0034645,GO:0034654,GO:0034660,GO:0034728,GO:0042393,GO:0043044,GO:0043170,GO:0043226,GO:0043227,GO:0043228,GO:0043229,GO:0043231,GO:0043232,GO:0043233,GO:0043486,GO:0043933,GO:0044087,GO:0044212,GO:0044237,GO:0044238,GO:0044249,GO:0044260,GO:0044271,GO:0044422,GO:0044424,GO:0044427,GO:0044428,GO:0044446,GO:0044454,GO:0044464,GO:0044877,GO:0045798,GO:0046483,GO:0048518,GO:0048519,GO:0048522,GO:0048523,GO:0050789,GO:0050794,GO:0050896,GO:0051128,GO:0051129,GO:0051130,GO:0051171,GO:0051252,GO:0051276,GO:0051716,GO:0060255,GO:0060968,GO:0065007,GO:0070013,GO:0070577,GO:0070603,GO:0071704,GO:0071824,GO:0071840,GO:0071944,GO:0080090,GO:0090054,GO:0090304,GO:0097159,GO:0097346,GO:0097659,GO:0098781,GO:0140030,GO:0140033,GO:1900049,GO:1900051,GO:1901360,GO:1901362,GO:1901363,GO:1901576,GO:1902275,GO:1902494,GO:1903506,GO:1904949,GO:1905268,GO:1905269,GO:2000112,GO:2001141,GO:2001251,GO:2001252
gene-IR01_01539	lcl|NW_015622504.1_cds_XP_016229391.1_1721	-0.953517216962118	0.0329440764553452	2OG-Fe(II) oxygenase superfamily	2OG-FeII_Oxy_4,Ofd1_CTDD				GO:0000288,GO:0000956,GO:0003674,GO:0003676,GO:0003723,GO:0003727,GO:0003824,GO:0005488,GO:0005506,GO:0005575,GO:0005622,GO:0005623,GO:0005634,GO:0005737,GO:0006139,GO:0006259,GO:0006281,GO:0006304,GO:0006307,GO:0006355,GO:0006357,GO:0006401,GO:0006402,GO:0006412,GO:0006415,GO:0006417,GO:0006449,GO:0006464,GO:0006508,GO:0006511,GO:0006518,GO:0006725,GO:0006807,GO:0006950,GO:0006974,GO:0008143,GO:0008150,GO:0008152,GO:0008198,GO:0009056,GO:0009057,GO:0009058,GO:0009059,GO:0009628,GO:0009889,GO:0009890,GO:0009892,GO:0009893,GO:0009894,GO:0009896,GO:0009966,GO:0009968,GO:0009987,GO:0010467,GO:0010468,GO:0010498,GO:0010556,GO:0010558,GO:0010604,GO:0010605,GO:0010608,GO:0010620,GO:0010629,GO:0010646,GO:0010648,GO:0016043,GO:0016070,GO:0016071,GO:0016491,GO:0016705,GO:0016706,GO:0018126,GO:0018188,GO:0018193,GO:0018208,GO:0019219,GO:0019222,GO:0019439,GO:0019511,GO:0019538,GO:0019941,GO:0022411,GO:0023051,GO:0023057,GO:0030162,GO:0030163,GO:0031323,GO:0031324,GO:0031325,GO:0031326,GO:0031327,GO:0031329,GO:0031331,GO:0031543,GO:0032268,GO:0032270,GO:0032434,GO:0032436,GO:0032451,GO:0032984,GO:0032991,GO:0033554,GO:0034248,GO:0034641,GO:0034645,GO:0034655,GO:0035510,GO:0035511,GO:0035514,GO:0035516,GO:0036211,GO:0036295,GO:0036296,GO:0036369,GO:0042176,GO:0042221,GO:0043043,GO:0043161,GO:0043167,GO:0043169,GO:0043170,GO:0043226,GO:0043227,GO:0043229,GO:0043231,GO:0043244,GO:0043392,GO:0043412,GO:0043603,GO:0043604,GO:0043624,GO:0043632,GO:0043933,GO:0044092,GO:0044237,GO:0044238,GO:0044248,GO:0044249,GO:0044257,GO:0044260,GO:0044265,GO:0044267,GO:0044270,GO:0044271,GO:0044424,GO:0044464,GO:0044728,GO:0045732,GO:0045862,GO:0045892,GO:0045934,GO:0046483,GO:0046700,GO:0046872,GO:0046914,GO:0048518,GO:0048519,GO:0048522,GO:0048523,GO:0048583,GO:0048585,GO:0050789,GO:0050794,GO:0050896,GO:0051098,GO:0051100,GO:0051101,GO:0051128,GO:0051171,GO:0051172,GO:0051173,GO:0051213,GO:0051246,GO:0051247,GO:0051252,GO:0051253,GO:0051603,GO:0051716,GO:0055093,GO:0055114,GO:0060255,GO:0061136,GO:0065007,GO:0065009,GO:0070482,GO:0070717,GO:0070887,GO:0070988,GO:0070989,GO:0071453,GO:0071455,GO:0071704,GO:0071840,GO:0080090,GO:0080111,GO:0080134,GO:0080135,GO:0090304,GO:0097159,GO:0140096,GO:0140097,GO:1900037,GO:1900038,GO:1901360,GO:1901361,GO:1901363,GO:1901564,GO:1901565,GO:1901566,GO:1901575,GO:1901576,GO:1901800,GO:1902679,GO:1903050,GO:1903052,GO:1903362,GO:1903364,GO:1903506,GO:1903507,GO:1990904,GO:2000058,GO:2000060,GO:2000112,GO:2000113,GO:2000638,GO:2000639,GO:2001141
gene-IR01_01583	lcl|NW_015622504.1_cds_XP_016229438.1_1768	1.3117264267916	0.000418261677564322	DNA polymerase	DNA_pol_B,DNA_pol_B_exo1,zf-C4pol				GO:0000002,GO:0000228,GO:0000731,GO:0003674,GO:0003676,GO:0003677,GO:0003824,GO:0003887,GO:0005488,GO:0005575,GO:0005622,GO:0005623,GO:0005634,GO:0005657,GO:0005694,GO:0005737,GO:0005739,GO:0006139,GO:0006259,GO:0006281,GO:0006301,GO:0006725,GO:0006807,GO:0006950,GO:0006974,GO:0006996,GO:0007005,GO:0008150,GO:0008152,GO:0009058,GO:0009059,GO:0009987,GO:0016035,GO:0016043,GO:0016740,GO:0016772,GO:0016779,GO:0018130,GO:0019438,GO:0019985,GO:0031974,GO:0031981,GO:0032042,GO:0032991,GO:0033554,GO:0034061,GO:0034641,GO:0034645,GO:0034654,GO:0042276,GO:0042575,GO:0043170,GO:0043226,GO:0043227,GO:0043228,GO:0043229,GO:0043231,GO:0043232,GO:0043233,GO:0043504,GO:0043596,GO:0044237,GO:0044238,GO:0044249,GO:0044260,GO:0044271,GO:0044422,GO:0044424,GO:0044427,GO:0044428,GO:0044444,GO:0044446,GO:0044454,GO:0044464,GO:0046483,GO:0050896,GO:0051716,GO:0061695,GO:0070013,GO:0070987,GO:0071704,GO:0071840,GO:0071897,GO:0090304,GO:0097159,GO:0140097,GO:1901360,GO:1901362,GO:1901363,GO:1901576,GO:1902494,GO:1990234
gene-IR01_02043	lcl|NW_015622505.1_cds_XP_016225802.1_2263	0.63858886409175	0.0133649649730486	Pre-mRNA-splicing ATP-dependent RNA helicase prp28	DEAD,Helicase_C				GO:0000245,GO:0000354,GO:0000375,GO:0000377,GO:0000384,GO:0000395,GO:0000398,GO:0003674,GO:0003676,GO:0003723,GO:0003724,GO:0003824,GO:0004004,GO:0004386,GO:0005488,GO:0005575,GO:0005622,GO:0005623,GO:0005634,GO:0005681,GO:0005682,GO:0005730,GO:0005737,GO:0006139,GO:0006376,GO:0006396,GO:0006397,GO:0006725,GO:0006807,GO:0008026,GO:0008150,GO:0008152,GO:0008186,GO:0008380,GO:0009987,GO:0010467,GO:0010501,GO:0016043,GO:0016070,GO:0016071,GO:0016462,GO:0016787,GO:0016817,GO:0016818,GO:0016887,GO:0017111,GO:0022607,GO:0022613,GO:0022618,GO:0030532,GO:0031974,GO:0031981,GO:0032991,GO:0034622,GO:0034641,GO:0042623,GO:0043170,GO:0043226,GO:0043227,GO:0043228,GO:0043229,GO:0043231,GO:0043232,GO:0043233,GO:0043933,GO:0044085,GO:0044237,GO:0044238,GO:0044422,GO:0044424,GO:0044428,GO:0044446,GO:0044464,GO:0045292,GO:0046483,GO:0065003,GO:0070013,GO:0070035,GO:0071013,GO:0071704,GO:0071826,GO:0071840,GO:0090304,GO:0097159,GO:0097525,GO:0120114,GO:0140098,GO:1901360,GO:1901363,GO:1902494,GO:1990904
gene-IR01_02125	lcl|NW_015622505.1_cds_XP_016225890.1_2350	2.49833674802996	0.000158908105640714	Catalyzes a 2-step reaction, involving the ATP-dependent carboxylation of the covalently attached biotin in the first step and the transfer of the carboxyl group to pyruvate in the second	Biotin_carb_C,Biotin_carb_N,Biotin_lipoyl,CPSase_L_D2,HMGL-like,PYC_OADA				GO:0003674,GO:0003824,GO:0004736,GO:0005575,GO:0005622,GO:0005623,GO:0005737,GO:0005829,GO:0005975,GO:0005996,GO:0006006,GO:0006091,GO:0006094,GO:0008150,GO:0008152,GO:0009058,GO:0009987,GO:0016051,GO:0016874,GO:0016885,GO:0019318,GO:0019319,GO:0044237,GO:0044238,GO:0044281,GO:0044283,GO:0044424,GO:0044444,GO:0044464,GO:0046364,GO:0071704,GO:1901576
gene-IR01_02126	lcl|NW_015622505.1_cds_XP_016225889.1_2351	2.45381908068876	4.57525157287053e-05	Catalyzes a 2-step reaction, involving the ATP-dependent carboxylation of the covalently attached biotin in the first step and the transfer of the carboxyl group to pyruvate in the second	Biotin_carb_C,Biotin_carb_N,Biotin_lipoyl,CPSase_L_D2,HMGL-like,PYC_OADA				GO:0003674,GO:0003824,GO:0004736,GO:0005575,GO:0005622,GO:0005623,GO:0005737,GO:0005829,GO:0005975,GO:0005996,GO:0006006,GO:0006091,GO:0006094,GO:0008150,GO:0008152,GO:0009058,GO:0009987,GO:0016051,GO:0016874,GO:0016885,GO:0019318,GO:0019319,GO:0044237,GO:0044238,GO:0044281,GO:0044283,GO:0044424,GO:0044444,GO:0044464,GO:0046364,GO:0071704,GO:1901576
gene-IR01_02706	lcl|NW_015622505.1_cds_XP_016226523.1_2984	0.664451146643785	0.0411723368306893	Control of topological states of DNA by transient breakage and subsequent rejoining of DNA strands. Topoisomerase II makes double-strand breaks	DNA_gyraseB,DNA_topoisoIV,HATPase_c,TOPRIM_C,Toprim				GO:0000003,GO:0000018,GO:0000019,GO:0000070,GO:0000075,GO:0000166,GO:0000228,GO:0000278,GO:0000280,GO:0000712,GO:0000775,GO:0000785,GO:0000790,GO:0000793,GO:0000794,GO:0000795,GO:0000819,GO:0003674,GO:0003676,GO:0003677,GO:0003824,GO:0003916,GO:0003918,GO:0005488,GO:0005524,GO:0005575,GO:0005622,GO:0005623,GO:0005634,GO:0005694,GO:0005737,GO:0005739,GO:0006139,GO:0006259,GO:0006260,GO:0006261,GO:0006265,GO:0006271,GO:0006275,GO:0006310,GO:0006323,GO:0006325,GO:0006333,GO:0006338,GO:0006725,GO:0006807,GO:0006996,GO:0007049,GO:0007059,GO:0007076,GO:0007093,GO:0007127,GO:0007131,GO:0007346,GO:0008094,GO:0008144,GO:0008150,GO:0008152,GO:0009058,GO:0009059,GO:0009889,GO:0009987,GO:0010556,GO:0016043,GO:0016462,GO:0016787,GO:0016817,GO:0016818,GO:0016853,GO:0016887,GO:0017076,GO:0017111,GO:0019219,GO:0019222,GO:0022402,GO:0022414,GO:0022616,GO:0030261,GO:0030554,GO:0031055,GO:0031323,GO:0031326,GO:0031570,GO:0031974,GO:0031981,GO:0032553,GO:0032555,GO:0032559,GO:0034506,GO:0034641,GO:0034645,GO:0035327,GO:0035639,GO:0035825,GO:0036094,GO:0042623,GO:0043167,GO:0043168,GO:0043170,GO:0043226,GO:0043227,GO:0043228,GO:0043229,GO:0043231,GO:0043232,GO:0043233,GO:0044237,GO:0044238,GO:0044249,GO:0044260,GO:0044422,GO:0044424,GO:0044427,GO:0044428,GO:0044444,GO:0044446,GO:0044454,GO:0044464,GO:0044774,GO:0045132,GO:0045786,GO:0045930,GO:0046483,GO:0048285,GO:0048519,GO:0048523,GO:0050789,GO:0050794,GO:0051052,GO:0051171,GO:0051276,GO:0051304,GO:0051306,GO:0051307,GO:0051321,GO:0051726,GO:0060255,GO:0061505,GO:0061982,GO:0065007,GO:0070013,GO:0071103,GO:0071704,GO:0071840,GO:0080090,GO:0090304,GO:0090329,GO:0097046,GO:0097047,GO:0097159,GO:0097367,GO:0098687,GO:0098813,GO:0099086,GO:0140013,GO:0140014,GO:0140097,GO:1901265,GO:1901360,GO:1901363,GO:1901576,GO:1903046,GO:1903047,GO:2000112,GO:2000621
gene-IR01_02754	lcl|NW_015622505.1_cds_XP_016226577.1_3038	-8.83667717522544	0.000878090541353221	DNA repair helicase rad15	DEAD_2,HBB,Helicase_C_2				GO:0000018,GO:0000019,GO:0000109,GO:0000112,GO:0000166,GO:0000428,GO:0000439,GO:0000717,GO:0000988,GO:0000990,GO:0000991,GO:0003674,GO:0003676,GO:0003677,GO:0003678,GO:0003684,GO:0003824,GO:0004003,GO:0004386,GO:0005488,GO:0005524,GO:0005575,GO:0005622,GO:0005623,GO:0005634,GO:0005654,GO:0005667,GO:0005675,GO:0006139,GO:0006259,GO:0006281,GO:0006289,GO:0006351,GO:0006352,GO:0006355,GO:0006357,GO:0006366,GO:0006367,GO:0006464,GO:0006468,GO:0006725,GO:0006793,GO:0006796,GO:0006807,GO:0006950,GO:0006974,GO:0006996,GO:0008026,GO:0008094,GO:0008144,GO:0008150,GO:0008152,GO:0009058,GO:0009059,GO:0009889,GO:0009893,GO:0009987,GO:0010467,GO:0010468,GO:0010525,GO:0010528,GO:0010556,GO:0010604,GO:0016043,GO:0016070,GO:0016310,GO:0016462,GO:0016591,GO:0016787,GO:0016817,GO:0016818,GO:0016887,GO:0017076,GO:0017111,GO:0018130,GO:0019219,GO:0019222,GO:0019438,GO:0019538,GO:0030554,GO:0030880,GO:0031323,GO:0031325,GO:0031326,GO:0031974,GO:0031981,GO:0032392,GO:0032508,GO:0032553,GO:0032555,GO:0032559,GO:0032774,GO:0032806,GO:0032991,GO:0033554,GO:0033683,GO:0034641,GO:0034645,GO:0034654,GO:0035639,GO:0036094,GO:0036211,GO:0042623,GO:0043139,GO:0043141,GO:0043167,GO:0043168,GO:0043170,GO:0043226,GO:0043227,GO:0043229,GO:0043231,GO:0043233,GO:0043412,GO:0044237,GO:0044238,GO:0044249,GO:0044260,GO:0044267,GO:0044271,GO:0044422,GO:0044424,GO:0044428,GO:0044446,GO:0044451,GO:0044464,GO:0044798,GO:0045911,GO:0045935,GO:0045951,GO:0046483,GO:0048518,GO:0048522,GO:0050789,GO:0050794,GO:0050896,GO:0051052,GO:0051054,GO:0051171,GO:0051173,GO:0051252,GO:0051276,GO:0051716,GO:0055029,GO:0060255,GO:0061695,GO:0065007,GO:0070013,GO:0070035,GO:0070816,GO:0071103,GO:0071704,GO:0071840,GO:0080090,GO:0090304,GO:0090305,GO:0090575,GO:0097159,GO:0097367,GO:0097659,GO:0140097,GO:0140110,GO:1901265,GO:1901360,GO:1901362,GO:1901363,GO:1901564,GO:1901576,GO:1902494,GO:1902554,GO:1902911,GO:1903506,GO:1990234,GO:1990391,GO:2000112,GO:2001141
gene-IR01_02767	lcl|NW_015622505.1_cds_XP_016226590.1_3051	-1.03539484645439	0.04538888419201	Tetratricopeptide repeats					GO:0003674,GO:0005488,GO:0005515,GO:0005575,GO:0005622,GO:0005623,GO:0005737,GO:0006457,GO:0008150,GO:0009987,GO:0030544,GO:0031072,GO:0032991,GO:0043021,GO:0043022,GO:0044424,GO:0044464,GO:0044877,GO:0051879
gene-IR01_02875	lcl|NW_015622505.1_cds_XP_016226715.1_3176	-22.3675779532865	1.01398618030026e-06	Chromatin remodelling complex Rsc7/Swp82 subunit	CRC_subunit				GO:0000228,GO:0000785,GO:0000790,GO:0003674,GO:0003676,GO:0003677,GO:0003682,GO:0005488,GO:0005575,GO:0005622,GO:0005623,GO:0005634,GO:0005694,GO:0006139,GO:0006325,GO:0006333,GO:0006337,GO:0006338,GO:0006351,GO:0006354,GO:0006355,GO:0006357,GO:0006366,GO:0006368,GO:0006725,GO:0006807,GO:0006950,GO:0006974,GO:0006996,GO:0008150,GO:0008152,GO:0009058,GO:0009059,GO:0009889,GO:0009987,GO:0010467,GO:0010468,GO:0010556,GO:0016043,GO:0016070,GO:0016586,GO:0018130,GO:0019219,GO:0019222,GO:0019438,GO:0022411,GO:0031323,GO:0031326,GO:0031490,GO:0031498,GO:0031974,GO:0031981,GO:0032774,GO:0032984,GO:0032986,GO:0032991,GO:0033554,GO:0034641,GO:0034645,GO:0034654,GO:0034728,GO:0043044,GO:0043170,GO:0043226,GO:0043227,GO:0043228,GO:0043229,GO:0043231,GO:0043232,GO:0043233,GO:0043933,GO:0044237,GO:0044238,GO:0044249,GO:0044260,GO:0044271,GO:0044422,GO:0044424,GO:0044427,GO:0044428,GO:0044446,GO:0044454,GO:0044464,GO:0046483,GO:0050789,GO:0050794,GO:0050896,GO:0051171,GO:0051252,GO:0051276,GO:0051716,GO:0060255,GO:0065007,GO:0070013,GO:0070603,GO:0071704,GO:0071824,GO:0071840,GO:0080090,GO:0090304,GO:0097159,GO:0097659,GO:1901360,GO:1901362,GO:1901363,GO:1901576,GO:1902494,GO:1903506,GO:1904949,GO:2000112,GO:2001141
gene-IR01_02898	lcl|NW_015622505.1_cds_XP_016226739.1_3200	-0.967945438838543	0.0239375102055437	Helicase	DEAD,DUF4217,Helicase_C				GO:0000027,GO:0000470,GO:0003674,GO:0003724,GO:0003824,GO:0004004,GO:0004386,GO:0005575,GO:0005622,GO:0005623,GO:0005634,GO:0005654,GO:0005730,GO:0005737,GO:0006139,GO:0006364,GO:0006396,GO:0006725,GO:0006807,GO:0006996,GO:0008026,GO:0008150,GO:0008152,GO:0008186,GO:0009987,GO:0010467,GO:0010501,GO:0016043,GO:0016070,GO:0016072,GO:0016462,GO:0016787,GO:0016817,GO:0016818,GO:0016887,GO:0017111,GO:0022607,GO:0022613,GO:0022618,GO:0030684,GO:0030686,GO:0031974,GO:0031981,GO:0032991,GO:0034470,GO:0034622,GO:0034641,GO:0034660,GO:0042254,GO:0042255,GO:0042273,GO:0042623,GO:0043170,GO:0043226,GO:0043227,GO:0043228,GO:0043229,GO:0043231,GO:0043232,GO:0043233,GO:0043933,GO:0044085,GO:0044237,GO:0044238,GO:0044422,GO:0044424,GO:0044428,GO:0044446,GO:0044464,GO:0046483,GO:0065003,GO:0070013,GO:0070035,GO:0070925,GO:0071704,GO:0071826,GO:0071840,GO:0090304,GO:0140098,GO:1901360,GO:1902626,GO:1990904
gene-IR01_03268	lcl|NW_015622505.1_cds_XP_016227146.1_3607	2.23041932260985	0.00313669783071605	BRCA1-associated protein 2	BRAP2,zf-RING_2,zf-UBP				GO:0003674,GO:0003824,GO:0004842,GO:0005048,GO:0005488,GO:0005515,GO:0006464,GO:0006807,GO:0008139,GO:0008150,GO:0008152,GO:0008270,GO:0009636,GO:0009987,GO:0010033,GO:0016567,GO:0016740,GO:0019538,GO:0019787,GO:0023051,GO:0032182,GO:0032446,GO:0033218,GO:0036211,GO:0042221,GO:0042277,GO:0042493,GO:0043130,GO:0043167,GO:0043169,GO:0043170,GO:0043412,GO:0044237,GO:0044238,GO:0044260,GO:0044267,GO:0045471,GO:0046677,GO:0046872,GO:0046914,GO:0050789,GO:0050896,GO:0061630,GO:0061659,GO:0065007,GO:0070647,GO:0071704,GO:0097305,GO:0140096,GO:1901564,GO:1901700
gene-IR01_03494	lcl|NW_015622505.1_cds_XP_016227392.1_3853	-0.750148619362134	0.0382013814400251	INO80 complex subunit Ies4	INO80_Ies4				GO:0000228,GO:0000722,GO:0000723,GO:0000785,GO:0000790,GO:0005575,GO:0005622,GO:0005623,GO:0005634,GO:0005694,GO:0006139,GO:0006259,GO:0006310,GO:0006312,GO:0006325,GO:0006338,GO:0006355,GO:0006357,GO:0006725,GO:0006807,GO:0006950,GO:0006974,GO:0006996,GO:0008150,GO:0008152,GO:0009889,GO:0009987,GO:0010468,GO:0010556,GO:0016043,GO:0019219,GO:0019222,GO:0031011,GO:0031323,GO:0031326,GO:0031974,GO:0031981,GO:0032200,GO:0032991,GO:0033202,GO:0033554,GO:0034641,GO:0034728,GO:0042592,GO:0043044,GO:0043170,GO:0043226,GO:0043227,GO:0043228,GO:0043229,GO:0043231,GO:0043232,GO:0043233,GO:0043933,GO:0044237,GO:0044238,GO:0044260,GO:0044422,GO:0044424,GO:0044427,GO:0044428,GO:0044446,GO:0044454,GO:0044464,GO:0046483,GO:0050789,GO:0050794,GO:0050896,GO:0051171,GO:0051252,GO:0051276,GO:0051716,GO:0060249,GO:0060255,GO:0060303,GO:0065007,GO:0065008,GO:0070013,GO:0070603,GO:0071704,GO:0071824,GO:0071840,GO:0080090,GO:0090304,GO:0097346,GO:1901360,GO:1902494,GO:1903506,GO:1904949,GO:2000112,GO:2001141
gene-IR01_03525	lcl|NW_015622505.1_cds_XP_016227424.1_3885	0.984665014932912	0.000338318790610096	DNA repair protein RAD50	AAA_23,Rad50_zn_hook,SbcCD_C				GO:0000003,GO:0000018,GO:0000075,GO:0000077,GO:0000166,GO:0000228,GO:0000278,GO:0000280,GO:0000706,GO:0000722,GO:0000723,GO:0000724,GO:0000725,GO:0000726,GO:0000727,GO:0000729,GO:0000781,GO:0000784,GO:0000785,GO:0000790,GO:0000793,GO:0000794,GO:0003674,GO:0003676,GO:0003677,GO:0003678,GO:0003690,GO:0003691,GO:0003697,GO:0003824,GO:0004003,GO:0004017,GO:0004386,GO:0005488,GO:0005524,GO:0005575,GO:0005622,GO:0005623,GO:0005634,GO:0005694,GO:0005737,GO:0005739,GO:0006139,GO:0006259,GO:0006260,GO:0006261,GO:0006278,GO:0006281,GO:0006284,GO:0006302,GO:0006303,GO:0006310,GO:0006312,GO:0006725,GO:0006753,GO:0006793,GO:0006796,GO:0006807,GO:0006950,GO:0006974,GO:0006996,GO:0007004,GO:0007049,GO:0007093,GO:0007127,GO:0007131,GO:0007154,GO:0007165,GO:0007346,GO:0008026,GO:0008094,GO:0008144,GO:0008150,GO:0008152,GO:0009058,GO:0009059,GO:0009117,GO:0009123,GO:0009165,GO:0009892,GO:0009987,GO:0010520,GO:0010564,GO:0010605,GO:0010705,GO:0010833,GO:0016043,GO:0016233,GO:0016301,GO:0016310,GO:0016462,GO:0016740,GO:0016772,GO:0016776,GO:0016787,GO:0016817,GO:0016818,GO:0016887,GO:0017076,GO:0017111,GO:0018130,GO:0019205,GO:0019219,GO:0019222,GO:0019438,GO:0019637,GO:0022402,GO:0022414,GO:0023052,GO:0030554,GO:0030870,GO:0031297,GO:0031323,GO:0031324,GO:0031570,GO:0031573,GO:0031974,GO:0031981,GO:0032069,GO:0032070,GO:0032071,GO:0032074,GO:0032076,GO:0032078,GO:0032200,GO:0032392,GO:0032508,GO:0032553,GO:0032555,GO:0032559,GO:0032991,GO:0033043,GO:0033260,GO:0033554,GO:0034641,GO:0034645,GO:0034654,GO:0035556,GO:0035639,GO:0035753,GO:0035825,GO:0035861,GO:0036094,GO:0040020,GO:0042138,GO:0042162,GO:0042592,GO:0042623,GO:0042769,GO:0042770,GO:0043047,GO:0043086,GO:0043167,GO:0043168,GO:0043170,GO:0043226,GO:0043227,GO:0043228,GO:0043229,GO:0043231,GO:0043232,GO:0043233,GO:0043565,GO:0043570,GO:0044092,GO:0044237,GO:0044238,GO:0044249,GO:0044260,GO:0044271,GO:0044281,GO:0044422,GO:0044424,GO:0044427,GO:0044428,GO:0044444,GO:0044446,GO:0044454,GO:0044464,GO:0044773,GO:0044774,GO:0044786,GO:0045005,GO:0045786,GO:0045930,GO:0045934,GO:0046483,GO:0046940,GO:0048285,GO:0048519,GO:0048523,GO:0050145,GO:0050789,GO:0050790,GO:0050794,GO:0050896,GO:0051052,GO:0051053,GO:0051128,GO:0051171,GO:0051172,GO:0051276,GO:0051321,GO:0051336,GO:0051346,GO:0051445,GO:0051606,GO:0051716,GO:0051726,GO:0051783,GO:0051880,GO:0055086,GO:0060249,GO:0060255,GO:0060631,GO:0061982,GO:0065007,GO:0065008,GO:0065009,GO:0070013,GO:0070035,GO:0070192,GO:0071103,GO:0071704,GO:0071840,GO:0071897,GO:0072395,GO:0072401,GO:0072422,GO:0080090,GO:0090304,GO:0090305,GO:0090407,GO:0090734,GO:0097159,GO:0097367,GO:0097551,GO:0097552,GO:0098687,GO:0098847,GO:0110025,GO:0140013,GO:0140097,GO:1901265,GO:1901293,GO:1901360,GO:1901362,GO:1901363,GO:1901576,GO:1902298,GO:1902969,GO:1903046,GO:1903047,GO:1903211,GO:1990426,GO:1990505,GO:1990898,GO:1990918,GO:2000241
gene-IR01_03552	lcl|NW_015622505.1_cds_XP_016227451.1_3912	0.993449537857006	0.0235967812866495	DNA-dependent RNA polymerase catalyzes the transcription of DNA into RNA using the four ribonucleoside triphosphates as substrates	RNA_pol_Rpb1_1,RNA_pol_Rpb1_2,RNA_pol_Rpb1_3,RNA_pol_Rpb1_4,RNA_pol_Rpb1_5,RNA_pol_Rpb1_6,RNA_pol_Rpb1_7,RNA_pol_Rpb1_R				GO:0000228,GO:0000428,GO:0000731,GO:0000785,GO:0000790,GO:0003674,GO:0003676,GO:0003677,GO:0005488,GO:0005575,GO:0005622,GO:0005623,GO:0005634,GO:0005654,GO:0005665,GO:0005694,GO:0005737,GO:0005739,GO:0006139,GO:0006259,GO:0006281,GO:0006301,GO:0006351,GO:0006366,GO:0006725,GO:0006807,GO:0006950,GO:0006974,GO:0008150,GO:0008152,GO:0009058,GO:0009059,GO:0009987,GO:0010467,GO:0010494,GO:0016070,GO:0016591,GO:0018130,GO:0019438,GO:0019985,GO:0030880,GO:0031974,GO:0031981,GO:0032774,GO:0032991,GO:0033554,GO:0034641,GO:0034645,GO:0034654,GO:0035770,GO:0036464,GO:0043170,GO:0043226,GO:0043227,GO:0043228,GO:0043229,GO:0043231,GO:0043232,GO:0043233,GO:0044237,GO:0044238,GO:0044249,GO:0044260,GO:0044271,GO:0044422,GO:0044424,GO:0044427,GO:0044428,GO:0044444,GO:0044446,GO:0044451,GO:0044454,GO:0044464,GO:0046483,GO:0050896,GO:0051716,GO:0055029,GO:0061695,GO:0070013,GO:0071704,GO:0071897,GO:0090304,GO:0097159,GO:0097659,GO:1901360,GO:1901362,GO:1901363,GO:1901576,GO:1902494,GO:1990234,GO:1990904
gene-IR01_03559	lcl|NW_015622505.1_cds_XP_016227459.1_3920	1.88979940904509	0.0380645738915127	Belongs to the CGI121 TPRKB family	CGI-121				GO:0000408,GO:0000722,GO:0000723,GO:0002949,GO:0005575,GO:0005622,GO:0005623,GO:0006139,GO:0006259,GO:0006310,GO:0006312,GO:0006355,GO:0006357,GO:0006396,GO:0006399,GO:0006400,GO:0006725,GO:0006807,GO:0006996,GO:0008033,GO:0008150,GO:0008152,GO:0009451,GO:0009889,GO:0009891,GO:0009893,GO:0009987,GO:0010467,GO:0010468,GO:0010556,GO:0010557,GO:0010604,GO:0010628,GO:0016043,GO:0016070,GO:0019219,GO:0019222,GO:0031323,GO:0031325,GO:0031326,GO:0031328,GO:0032200,GO:0032991,GO:0034470,GO:0034641,GO:0034660,GO:0042592,GO:0043170,GO:0043412,GO:0044237,GO:0044238,GO:0044260,GO:0044424,GO:0044464,GO:0045893,GO:0045935,GO:0045944,GO:0046483,GO:0048518,GO:0048522,GO:0050789,GO:0050793,GO:0050794,GO:0051171,GO:0051173,GO:0051252,GO:0051254,GO:0051276,GO:0060249,GO:0060255,GO:0065007,GO:0065008,GO:0070525,GO:0071704,GO:0071840,GO:0080090,GO:0090304,GO:0090342,GO:1901360,GO:1902680,GO:1903506,GO:1903508,GO:2000112,GO:2001141
gene-IR01_03939	lcl|NW_015622506.1_cds_XP_016224153.1_4344	1.13094576551312	0.00880168296273652	WLM domain	WLM,ubiquitin				GO:0003674,GO:0003824,GO:0005488,GO:0006464,GO:0006508,GO:0006807,GO:0006950,GO:0006974,GO:0008150,GO:0008152,GO:0008233,GO:0008237,GO:0008270,GO:0009987,GO:0016787,GO:0016925,GO:0018193,GO:0018205,GO:0019538,GO:0032446,GO:0033554,GO:0036211,GO:0043167,GO:0043169,GO:0043170,GO:0043412,GO:0044237,GO:0044238,GO:0044260,GO:0044267,GO:0044877,GO:0046872,GO:0046914,GO:0050896,GO:0051716,GO:0070011,GO:0070628,GO:0070647,GO:0071704,GO:0140096,GO:1901564
gene-IR01_04248	lcl|NW_015622506.1_cds_XP_016224487.1_4678	2.01811585872282	4.43384405617543e-05	Histone methyltransferase that specifically methylates histone H3 to form H3K79me. This methylation is required for telomere silencing and for the pachytene checkpoint during the meiotic cell cycle by allowing the recruitment of RAD9 to double strand breaks. Nucleosomes are preferred as substrate compared to free histones	DOT1				GO:0000003,GO:0000075,GO:0000077,GO:0000278,GO:0000725,GO:0001672,GO:0003674,GO:0003682,GO:0003824,GO:0005488,GO:0005515,GO:0005575,GO:0005622,GO:0005623,GO:0005634,GO:0006139,GO:0006259,GO:0006281,GO:0006289,GO:0006301,GO:0006310,GO:0006325,GO:0006342,GO:0006348,GO:0006355,GO:0006464,GO:0006479,GO:0006725,GO:0006807,GO:0006950,GO:0006974,GO:0006996,GO:0007049,GO:0007093,GO:0007346,GO:0008150,GO:0008152,GO:0008168,GO:0008170,GO:0008213,GO:0008276,GO:0008757,GO:0009889,GO:0009890,GO:0009892,GO:0009987,GO:0010468,GO:0010556,GO:0010558,GO:0010564,GO:0010605,GO:0010629,GO:0010639,GO:0010847,GO:0010948,GO:0016043,GO:0016278,GO:0016279,GO:0016458,GO:0016569,GO:0016570,GO:0016571,GO:0016740,GO:0016741,GO:0018022,GO:0018024,GO:0018193,GO:0018205,GO:0019219,GO:0019222,GO:0019538,GO:0022402,GO:0022414,GO:0031151,GO:0031323,GO:0031324,GO:0031326,GO:0031327,GO:0031445,GO:0031452,GO:0031491,GO:0031493,GO:0031570,GO:0031573,GO:0032259,GO:0033043,GO:0033044,GO:0033313,GO:0033554,GO:0034641,GO:0034729,GO:0034968,GO:0036211,GO:0040020,GO:0040029,GO:0042054,GO:0042393,GO:0043170,GO:0043226,GO:0043227,GO:0043229,GO:0043231,GO:0043412,GO:0043414,GO:0044087,GO:0044237,GO:0044238,GO:0044260,GO:0044267,GO:0044424,GO:0044464,GO:0044773,GO:0044774,GO:0044783,GO:0044877,GO:0045786,GO:0045798,GO:0045814,GO:0045835,GO:0045892,GO:0045930,GO:0045934,GO:0046483,GO:0048519,GO:0048523,GO:0050789,GO:0050794,GO:0050896,GO:0051098,GO:0051101,GO:0051128,GO:0051129,GO:0051171,GO:0051172,GO:0051252,GO:0051253,GO:0051276,GO:0051321,GO:0051445,GO:0051447,GO:0051598,GO:0051716,GO:0051726,GO:0051783,GO:0051784,GO:0060255,GO:0065007,GO:0065009,GO:0070911,GO:0071704,GO:0071840,GO:0080090,GO:0090304,GO:0099114,GO:0140096,GO:1901360,GO:1901564,GO:1902275,GO:1902679,GO:1903046,GO:1903047,GO:1903506,GO:1903507,GO:1905268,GO:2000112,GO:2000113,GO:2000241,GO:2000242,GO:2000677,GO:2001141,GO:2001251
gene-IR01_04312	lcl|NW_015622506.1_cds_XP_016224560.1_4751	0.583320096767329	0.0437567336447437	Conserved region of Rad21 / Rec8 like protein	Rad21_Rec8,Rad21_Rec8_N				GO:0000070,GO:0000228,GO:0000278,GO:0000280,GO:0000724,GO:0000725,GO:0000775,GO:0000779,GO:0000780,GO:0000785,GO:0000790,GO:0000792,GO:0000793,GO:0000794,GO:0000798,GO:0000819,GO:0003674,GO:0003682,GO:0005488,GO:0005515,GO:0005575,GO:0005622,GO:0005623,GO:0005634,GO:0005694,GO:0005720,GO:0005721,GO:0005737,GO:0005739,GO:0006139,GO:0006259,GO:0006281,GO:0006302,GO:0006310,GO:0006323,GO:0006725,GO:0006807,GO:0006915,GO:0006950,GO:0006974,GO:0006996,GO:0007049,GO:0007059,GO:0007062,GO:0007064,GO:0007076,GO:0008104,GO:0008150,GO:0008152,GO:0008219,GO:0008278,GO:0009987,GO:0012501,GO:0016043,GO:0019899,GO:0019900,GO:0019901,GO:0022402,GO:0030261,GO:0030892,GO:0031618,GO:0031974,GO:0031981,GO:0032991,GO:0033036,GO:0033365,GO:0033553,GO:0033554,GO:0034085,GO:0034086,GO:0034087,GO:0034088,GO:0034397,GO:0034398,GO:0034502,GO:0034507,GO:0034613,GO:0034641,GO:0034990,GO:0043170,GO:0043226,GO:0043227,GO:0043228,GO:0043229,GO:0043231,GO:0043232,GO:0043233,GO:0043388,GO:0044093,GO:0044237,GO:0044238,GO:0044260,GO:0044422,GO:0044424,GO:0044427,GO:0044428,GO:0044444,GO:0044446,GO:0044454,GO:0044464,GO:0044820,GO:0046483,GO:0048285,GO:0050000,GO:0050896,GO:0051098,GO:0051099,GO:0051101,GO:0051179,GO:0051276,GO:0051640,GO:0051641,GO:0051716,GO:0061780,GO:0062022,GO:0065007,GO:0065009,GO:0070013,GO:0070727,GO:0071103,GO:0071168,GO:0071704,GO:0071840,GO:0071921,GO:0090304,GO:0098687,GO:0098813,GO:0110092,GO:0120109,GO:0140014,GO:1901360,GO:1902377,GO:1903047,GO:1990414,GO:1990421,GO:1990707
gene-IR01_04663	lcl|NW_015622506.1_cds_XP_016224935.1_5126	0.877758286277058	0.00603285329072005	Belongs to the cullin family	Cullin,Cullin_Nedd8				GO:0000122,GO:0000151,GO:0000152,GO:0000228,GO:0000775,GO:0000785,GO:0000790,GO:0000792,GO:0003674,GO:0005488,GO:0005515,GO:0005575,GO:0005622,GO:0005623,GO:0005634,GO:0005654,GO:0005694,GO:0005720,GO:0005721,GO:0005737,GO:0006139,GO:0006259,GO:0006281,GO:0006283,GO:0006289,GO:0006323,GO:0006325,GO:0006333,GO:0006338,GO:0006342,GO:0006348,GO:0006355,GO:0006357,GO:0006725,GO:0006807,GO:0006950,GO:0006974,GO:0006996,GO:0008104,GO:0008150,GO:0008152,GO:0009889,GO:0009890,GO:0009892,GO:0009987,GO:0010468,GO:0010556,GO:0010558,GO:0010605,GO:0010629,GO:0016043,GO:0016458,GO:0019219,GO:0019222,GO:0019899,GO:0022607,GO:0030466,GO:0030702,GO:0031047,GO:0031048,GO:0031056,GO:0031060,GO:0031323,GO:0031324,GO:0031326,GO:0031327,GO:0031399,GO:0031461,GO:0031465,GO:0031497,GO:0031507,GO:0031618,GO:0031625,GO:0031974,GO:0031981,GO:0032268,GO:0032991,GO:0033036,GO:0033043,GO:0033044,GO:0033554,GO:0034613,GO:0034641,GO:0034708,GO:0035097,GO:0040029,GO:0043170,GO:0043226,GO:0043227,GO:0043228,GO:0043229,GO:0043231,GO:0043232,GO:0043233,GO:0043494,GO:0044085,GO:0044237,GO:0044238,GO:0044260,GO:0044389,GO:0044422,GO:0044424,GO:0044427,GO:0044428,GO:0044446,GO:0044451,GO:0044454,GO:0044464,GO:0045787,GO:0045814,GO:0045892,GO:0045934,GO:0046483,GO:0048518,GO:0048519,GO:0048522,GO:0048523,GO:0050789,GO:0050794,GO:0050896,GO:0051128,GO:0051171,GO:0051172,GO:0051179,GO:0051246,GO:0051252,GO:0051253,GO:0051276,GO:0051445,GO:0051446,GO:0051570,GO:0051641,GO:0051716,GO:0051726,GO:0060255,GO:0065007,GO:0070013,GO:0070727,GO:0070828,GO:0071103,GO:0071704,GO:0071840,GO:0080008,GO:0080090,GO:0090304,GO:0098687,GO:1901360,GO:1902275,GO:1902494,GO:1902679,GO:1903506,GO:1903507,GO:1990234,GO:2000112,GO:2000113,GO:2000241,GO:2000243,GO:2001141
gene-IR01_04722	lcl|NW_015622506.1_cds_XP_016224997.1_5188	1.45042915924059	6.14656082205299e-05	Belongs to the ubiquitin-activating E1 family	E1_4HB,E1_FCCH,E1_UFD,ThiF,UBA_e1_thiolCys				GO:0000166,GO:0000287,GO:0003674,GO:0003824,GO:0004839,GO:0005488,GO:0005524,GO:0005575,GO:0005622,GO:0005623,GO:0005634,GO:0005737,GO:0006464,GO:0006508,GO:0006511,GO:0006807,GO:0006950,GO:0006974,GO:0008144,GO:0008150,GO:0008152,GO:0008641,GO:0009056,GO:0009057,GO:0009987,GO:0016567,GO:0016874,GO:0016877,GO:0017076,GO:0019538,GO:0019941,GO:0030163,GO:0030554,GO:0032446,GO:0032553,GO:0032555,GO:0032559,GO:0033554,GO:0035639,GO:0036094,GO:0036211,GO:0043167,GO:0043168,GO:0043169,GO:0043170,GO:0043226,GO:0043227,GO:0043229,GO:0043231,GO:0043412,GO:0043632,GO:0044237,GO:0044238,GO:0044248,GO:0044257,GO:0044260,GO:0044265,GO:0044267,GO:0044424,GO:0044464,GO:0046872,GO:0050896,GO:0051603,GO:0051716,GO:0070647,GO:0071704,GO:0097159,GO:0097367,GO:1901265,GO:1901363,GO:1901564,GO:1901565,GO:1901575
gene-IR01_05193	lcl|NW_015622506.1_cds_XP_016225510.1_5701	1.65729253076197	0.00141811970454565	ATP-dependent serine protease that mediates the selective degradation of misfolded and unassembled polypeptides in the peroxisomal matrix. Necessary for type 2 peroxisome targeting signal (PTS2)-containing protein processing and facilitates peroxisome matrix protein import	AAA,LON_substr_bdg,Lon_C				GO:0005575,GO:0005622,GO:0005623,GO:0005737,GO:0005777,GO:0005782,GO:0006508,GO:0006605,GO:0006625,GO:0006807,GO:0006810,GO:0006886,GO:0006996,GO:0007031,GO:0008104,GO:0008150,GO:0008152,GO:0009987,GO:0010467,GO:0015031,GO:0015833,GO:0016043,GO:0016485,GO:0019538,GO:0031907,GO:0031974,GO:0033036,GO:0033365,GO:0034613,GO:0042579,GO:0042886,GO:0043170,GO:0043226,GO:0043227,GO:0043229,GO:0043231,GO:0043233,GO:0043574,GO:0044238,GO:0044422,GO:0044424,GO:0044438,GO:0044439,GO:0044444,GO:0044446,GO:0044464,GO:0045184,GO:0046907,GO:0051179,GO:0051234,GO:0051604,GO:0051641,GO:0051649,GO:0070013,GO:0070727,GO:0071702,GO:0071704,GO:0071705,GO:0071840,GO:0072594,GO:0072662,GO:0072663,GO:1901564
gene-IR01_05754	lcl|NW_015622507.1_cds_XP_016222679.1_6365	1.54465578739466	0.00889107647886305	Helicase associated domain (HA2)  Add an annotation	DEAD,HA2,Helicase_C,OB_NTP_bind				GO:0002181,GO:0002183,GO:0003674,GO:0003676,GO:0003723,GO:0003724,GO:0003824,GO:0004004,GO:0004386,GO:0005488,GO:0005575,GO:0005622,GO:0005623,GO:0005737,GO:0005739,GO:0006139,GO:0006396,GO:0006412,GO:0006413,GO:0006518,GO:0006725,GO:0006807,GO:0008026,GO:0008150,GO:0008152,GO:0008186,GO:0009058,GO:0009059,GO:0009987,GO:0010467,GO:0016070,GO:0016462,GO:0016787,GO:0016817,GO:0016818,GO:0016887,GO:0017111,GO:0019538,GO:0034641,GO:0034645,GO:0042623,GO:0043021,GO:0043024,GO:0043043,GO:0043170,GO:0043226,GO:0043227,GO:0043229,GO:0043231,GO:0043603,GO:0043604,GO:0044237,GO:0044238,GO:0044249,GO:0044260,GO:0044267,GO:0044271,GO:0044424,GO:0044444,GO:0044464,GO:0044877,GO:0046483,GO:0070035,GO:0071704,GO:0090304,GO:0097159,GO:0140098,GO:1901360,GO:1901363,GO:1901564,GO:1901566,GO:1901576
gene-IR01_06111	lcl|NW_015622507.1_cds_XP_016223075.1_6761	-1.65991489112461	0.0396432512241202	Helicase associated domain (HA2)  Add an annotation	DEAD,HA2,Helicase_C,OB_NTP_bind				GO:0000166,GO:0000462,GO:0003674,GO:0003676,GO:0003723,GO:0003724,GO:0003824,GO:0004004,GO:0004386,GO:0005488,GO:0005524,GO:0005575,GO:0005622,GO:0005623,GO:0005634,GO:0005730,GO:0005737,GO:0005739,GO:0006139,GO:0006364,GO:0006396,GO:0006725,GO:0006807,GO:0008026,GO:0008144,GO:0008150,GO:0008152,GO:0008186,GO:0009987,GO:0010467,GO:0016070,GO:0016072,GO:0016462,GO:0016787,GO:0016817,GO:0016818,GO:0016887,GO:0017076,GO:0017111,GO:0022613,GO:0030490,GO:0030554,GO:0030684,GO:0030686,GO:0031974,GO:0031981,GO:0032040,GO:0032553,GO:0032555,GO:0032559,GO:0032991,GO:0034470,GO:0034641,GO:0034660,GO:0035639,GO:0036094,GO:0042254,GO:0042274,GO:0042623,GO:0043167,GO:0043168,GO:0043170,GO:0043226,GO:0043227,GO:0043228,GO:0043229,GO:0043231,GO:0043232,GO:0043233,GO:0044085,GO:0044237,GO:0044238,GO:0044422,GO:0044424,GO:0044428,GO:0044444,GO:0044446,GO:0044464,GO:0046483,GO:0070013,GO:0070035,GO:0071704,GO:0071840,GO:0090304,GO:0097159,GO:0097367,GO:0140098,GO:1901265,GO:1901360,GO:1901363,GO:1990904
gene-IR01_06208	lcl|NW_015622507.1_cds_XP_016223189.1_6875	0.818428545665463	0.00372874176542355	THO complex subunit 2 N-terminus	THOC2_N,Tho2,Thoc2				GO:0000346,GO:0000347,GO:0000445,GO:0000446,GO:0000781,GO:0003674,GO:0003676,GO:0003677,GO:0003723,GO:0003729,GO:0005488,GO:0005575,GO:0005622,GO:0005623,GO:0005634,GO:0005654,GO:0005694,GO:0006139,GO:0006259,GO:0006281,GO:0006283,GO:0006289,GO:0006310,GO:0006351,GO:0006354,GO:0006355,GO:0006356,GO:0006366,GO:0006368,GO:0006396,GO:0006397,GO:0006403,GO:0006405,GO:0006406,GO:0006611,GO:0006725,GO:0006807,GO:0006810,GO:0006886,GO:0006913,GO:0006950,GO:0006974,GO:0008023,GO:0008104,GO:0008150,GO:0008152,GO:0009058,GO:0009059,GO:0009889,GO:0009891,GO:0009893,GO:0009987,GO:0010467,GO:0010468,GO:0010556,GO:0010557,GO:0010604,GO:0010628,GO:0015031,GO:0015833,GO:0015931,GO:0016070,GO:0016071,GO:0018130,GO:0019219,GO:0019222,GO:0019438,GO:0031123,GO:0031124,GO:0031323,GO:0031325,GO:0031326,GO:0031328,GO:0031503,GO:0031974,GO:0031981,GO:0032774,GO:0032784,GO:0032786,GO:0032991,GO:0033036,GO:0033554,GO:0034613,GO:0034641,GO:0034645,GO:0034654,GO:0042886,GO:0043170,GO:0043226,GO:0043227,GO:0043228,GO:0043229,GO:0043231,GO:0043232,GO:0043233,GO:0044237,GO:0044238,GO:0044249,GO:0044260,GO:0044271,GO:0044422,GO:0044424,GO:0044427,GO:0044428,GO:0044446,GO:0044451,GO:0044464,GO:0045184,GO:0045893,GO:0045935,GO:0045943,GO:0046483,GO:0046907,GO:0048518,GO:0048522,GO:0050657,GO:0050658,GO:0050789,GO:0050794,GO:0050896,GO:0051028,GO:0051168,GO:0051169,GO:0051171,GO:0051173,GO:0051179,GO:0051234,GO:0051236,GO:0051252,GO:0051254,GO:0051641,GO:0051649,GO:0051716,GO:0060255,GO:0065007,GO:0070013,GO:0070727,GO:0071166,GO:0071426,GO:0071427,GO:0071702,GO:0071704,GO:0071705,GO:0080090,GO:0090304,GO:0097159,GO:0097659,GO:0098687,GO:1901360,GO:1901362,GO:1901363,GO:1901576,GO:1902680,GO:1903506,GO:1903508,GO:2000112,GO:2001141,GO:2001207,GO:2001209
gene-IR01_06368	lcl|NW_015622507.1_cds_XP_016223362.1_7048	-1.2330819611243	0.0145339411478641	RNA cytidine acetyltransferase with specificity toward both 18S rRNA and tRNAs. Catalyzes the formation of N(4)- acetylcytidine (ac4C) in 18S rRNA. Required for early nucleolar cleavages of precursor rRNA at sites A0, A1 and A2 during 18S rRNA synthesis. Catalyzes the formation of ac4C in serine and leucine tRNAs. Requires the tRNA-binding adapter protein TAN1 for full tRNA acetyltransferase activity but not for 18S rRNA acetylation	DUF1726,GNAT_acetyltr_2,Helicase_RecD,tRNA_bind_2				GO:0000049,GO:0000154,GO:0000166,GO:0002097,GO:0002101,GO:0003674,GO:0003676,GO:0003723,GO:0003824,GO:0005488,GO:0005524,GO:0005575,GO:0005622,GO:0005623,GO:0005634,GO:0005730,GO:0006139,GO:0006364,GO:0006396,GO:0006399,GO:0006400,GO:0006725,GO:0006807,GO:0008033,GO:0008080,GO:0008144,GO:0008150,GO:0008152,GO:0009451,GO:0009987,GO:0010467,GO:0016070,GO:0016072,GO:0016407,GO:0016410,GO:0016740,GO:0016746,GO:0016747,GO:0017076,GO:0022613,GO:0030490,GO:0030554,GO:0030684,GO:0030686,GO:0031974,GO:0031981,GO:0032553,GO:0032555,GO:0032559,GO:0032991,GO:0034470,GO:0034641,GO:0034660,GO:0035639,GO:0036094,GO:0042254,GO:0042274,GO:0043167,GO:0043168,GO:0043170,GO:0043226,GO:0043227,GO:0043228,GO:0043229,GO:0043231,GO:0043232,GO:0043233,GO:0043412,GO:0044085,GO:0044237,GO:0044238,GO:0044422,GO:0044424,GO:0044428,GO:0044446,GO:0044464,GO:0046483,GO:0051391,GO:0051392,GO:0070013,GO:0071704,GO:0071840,GO:0090304,GO:0097159,GO:0097367,GO:1901265,GO:1901360,GO:1901363,GO:1904812,GO:1990882,GO:1990883,GO:1990884,GO:1990904
gene-IR01_06400	lcl|NW_015622507.1_cds_XP_016223404.1_7090	0.786508177516645	0.0179404422412511	Rhodanese Homology Domain	Rhodanese,UCH,USP8_dimer				GO:0000131,GO:0000502,GO:0002039,GO:0003674,GO:0003824,GO:0004175,GO:0004197,GO:0004843,GO:0005488,GO:0005515,GO:0005575,GO:0005622,GO:0005623,GO:0005634,GO:0005654,GO:0005737,GO:0005739,GO:0005768,GO:0005829,GO:0005933,GO:0005935,GO:0006139,GO:0006259,GO:0006275,GO:0006281,GO:0006283,GO:0006289,GO:0006325,GO:0006355,GO:0006464,GO:0006508,GO:0006511,GO:0006725,GO:0006807,GO:0006810,GO:0006811,GO:0006820,GO:0006862,GO:0006897,GO:0006900,GO:0006950,GO:0006974,GO:0006996,GO:0007032,GO:0008022,GO:0008134,GO:0008150,GO:0008152,GO:0008233,GO:0008234,GO:0009056,GO:0009057,GO:0009889,GO:0009892,GO:0009893,GO:0009894,GO:0009895,GO:0009987,GO:0010216,GO:0010256,GO:0010468,GO:0010556,GO:0010604,GO:0010605,GO:0010992,GO:0010995,GO:0012505,GO:0015711,GO:0015748,GO:0015865,GO:0015867,GO:0015868,GO:0015893,GO:0015931,GO:0016043,GO:0016050,GO:0016192,GO:0016569,GO:0016570,GO:0016578,GO:0016579,GO:0016787,GO:0019219,GO:0019222,GO:0019538,GO:0019725,GO:0019783,GO:0019899,GO:0019941,GO:0022411,GO:0030162,GO:0030163,GO:0030427,GO:0031323,GO:0031324,GO:0031325,GO:0031326,GO:0031329,GO:0031330,GO:0031410,GO:0031625,GO:0031647,GO:0031974,GO:0031981,GO:0031982,GO:0032088,GO:0032204,GO:0032268,GO:0032269,GO:0032434,GO:0032435,GO:0032984,GO:0032991,GO:0033043,GO:0033044,GO:0033554,GO:0034641,GO:0035520,GO:0035616,GO:0035871,GO:0036211,GO:0036459,GO:0042176,GO:0042177,GO:0042221,GO:0042493,GO:0042592,GO:0043162,GO:0043170,GO:0043226,GO:0043227,GO:0043229,GO:0043231,GO:0043233,GO:0043412,GO:0043433,GO:0043624,GO:0043632,GO:0043933,GO:0044092,GO:0044237,GO:0044238,GO:0044248,GO:0044257,GO:0044260,GO:0044265,GO:0044267,GO:0044389,GO:0044422,GO:0044424,GO:0044428,GO:0044444,GO:0044446,GO:0044464,GO:0045861,GO:0045935,GO:0046483,GO:0046618,GO:0048518,GO:0048519,GO:0048522,GO:0048523,GO:0050789,GO:0050794,GO:0050821,GO:0050896,GO:0051052,GO:0051054,GO:0051090,GO:0051128,GO:0051171,GO:0051172,GO:0051173,GO:0051179,GO:0051234,GO:0051246,GO:0051248,GO:0051252,GO:0051261,GO:0051276,GO:0051503,GO:0051603,GO:0051716,GO:0060255,GO:0061024,GO:0061136,GO:0065007,GO:0065008,GO:0065009,GO:0070011,GO:0070013,GO:0070646,GO:0070647,GO:0070676,GO:0071108,GO:0071702,GO:0071704,GO:0071705,GO:0071840,GO:0080090,GO:0090304,GO:0097708,GO:0098657,GO:0101005,GO:0140096,GO:1901264,GO:1901360,GO:1901535,GO:1901537,GO:1901564,GO:1901565,GO:1901575,GO:1901799,GO:1902494,GO:1903050,GO:1903051,GO:1903362,GO:1903363,GO:1903506,GO:1904353,GO:1904669,GO:1905368,GO:1905369,GO:1990380,GO:2000058,GO:2000059,GO:2000112,GO:2001141
gene-IR01_06415	lcl|NW_015622507.1_cds_XP_016223421.1_7107	-1.58449714506109	0.0408115570637982	Translation initiation protein Sua5	SUA5,Sua5_yciO_yrdC				GO:0000049,GO:0000723,GO:0002949,GO:0003674,GO:0003676,GO:0003677,GO:0003697,GO:0003723,GO:0003824,GO:0005488,GO:0005575,GO:0005622,GO:0005623,GO:0005737,GO:0005829,GO:0006139,GO:0006259,GO:0006396,GO:0006399,GO:0006400,GO:0006450,GO:0006725,GO:0006807,GO:0006996,GO:0008033,GO:0008150,GO:0008152,GO:0009451,GO:0009987,GO:0010467,GO:0016043,GO:0016070,GO:0016740,GO:0016772,GO:0016779,GO:0032200,GO:0034470,GO:0034641,GO:0034660,GO:0042162,GO:0042592,GO:0043047,GO:0043170,GO:0043412,GO:0043565,GO:0044237,GO:0044238,GO:0044260,GO:0044424,GO:0044444,GO:0044464,GO:0046483,GO:0051276,GO:0060249,GO:0065007,GO:0065008,GO:0070525,GO:0071704,GO:0071840,GO:0090304,GO:0097159,GO:0098847,GO:1901360,GO:1901363
gene-IR01_06936	lcl|NW_015622508.1_cds_XP_016221048.1_7695	-1.79647923612753	0.0229313498403575	Stereospecific condensation of phosphoenolpyruvate (PEP) and D-erythrose-4-phosphate (E4P) giving rise to 3-deoxy-D- arabino-heptulosonate-7-phosphate (DAHP)	DAHP_synth_1				GO:0003674,GO:0003824,GO:0003849,GO:0005575,GO:0005622,GO:0005623,GO:0005634,GO:0005737,GO:0006082,GO:0006520,GO:0006725,GO:0006807,GO:0008150,GO:0008152,GO:0008652,GO:0009058,GO:0009072,GO:0009073,GO:0009423,GO:0009987,GO:0016053,GO:0016740,GO:0016765,GO:0019438,GO:0019752,GO:0043226,GO:0043227,GO:0043229,GO:0043231,GO:0043436,GO:0043648,GO:0043650,GO:0044237,GO:0044238,GO:0044249,GO:0044281,GO:0044283,GO:0044424,GO:0044464,GO:0046394,GO:0046417,GO:0071704,GO:1901360,GO:1901362,GO:1901564,GO:1901566,GO:1901576
gene-IR01_06994	lcl|NW_015622508.1_cds_XP_016221106.1_7753	0.989112042253347	0.00384139545518714	Functions as component of the transcription regulatory histone acetylation (HAT) complexes SAGA, SALSA and ADA. SAGA is involved in RNA polymerase II-dependent transcriptional regulation	Myb_DNA-binding,SWIRM,ZZ				GO:0000018,GO:0000123,GO:0000124,GO:0000183,GO:0000228,GO:0000724,GO:0000725,GO:0000785,GO:0000790,GO:0001786,GO:0003674,GO:0003676,GO:0003677,GO:0003682,GO:0003700,GO:0003712,GO:0003713,GO:0005488,GO:0005543,GO:0005575,GO:0005622,GO:0005623,GO:0005634,GO:0005654,GO:0005671,GO:0005694,GO:0006139,GO:0006259,GO:0006281,GO:0006302,GO:0006310,GO:0006325,GO:0006338,GO:0006342,GO:0006348,GO:0006355,GO:0006357,GO:0006464,GO:0006473,GO:0006475,GO:0006725,GO:0006807,GO:0006950,GO:0006970,GO:0006974,GO:0006996,GO:0007155,GO:0008150,GO:0008152,GO:0008289,GO:0009405,GO:0009628,GO:0009889,GO:0009890,GO:0009891,GO:0009892,GO:0009893,GO:0009987,GO:0010468,GO:0010520,GO:0010556,GO:0010557,GO:0010558,GO:0010564,GO:0010604,GO:0010605,GO:0010629,GO:0010638,GO:0010810,GO:0010811,GO:0016043,GO:0016458,GO:0016569,GO:0016570,GO:0016573,GO:0018193,GO:0018205,GO:0018393,GO:0018394,GO:0019219,GO:0019222,GO:0019538,GO:0022610,GO:0030155,GO:0030447,GO:0031056,GO:0031058,GO:0031248,GO:0031323,GO:0031324,GO:0031325,GO:0031326,GO:0031327,GO:0031328,GO:0031399,GO:0031401,GO:0031505,GO:0031589,GO:0031974,GO:0031981,GO:0032268,GO:0032270,GO:0032502,GO:0032991,GO:0033043,GO:0033044,GO:0033554,GO:0034641,GO:0035065,GO:0035066,GO:0035690,GO:0036211,GO:0040007,GO:0040020,GO:0040029,GO:0042221,GO:0042493,GO:0042710,GO:0043167,GO:0043168,GO:0043170,GO:0043226,GO:0043227,GO:0043228,GO:0043229,GO:0043231,GO:0043232,GO:0043233,GO:0043412,GO:0043543,GO:0043565,GO:0043708,GO:0043709,GO:0043900,GO:0043902,GO:0044010,GO:0044111,GO:0044114,GO:0044115,GO:0044182,GO:0044237,GO:0044238,GO:0044260,GO:0044267,GO:0044403,GO:0044419,GO:0044422,GO:0044424,GO:0044427,GO:0044428,GO:0044446,GO:0044451,GO:0044454,GO:0044464,GO:0044764,GO:0045229,GO:0045785,GO:0045814,GO:0045892,GO:0045934,GO:0045935,GO:0046483,GO:0046695,GO:0048518,GO:0048519,GO:0048522,GO:0048523,GO:0050789,GO:0050794,GO:0050896,GO:0051052,GO:0051128,GO:0051130,GO:0051171,GO:0051172,GO:0051173,GO:0051246,GO:0051247,GO:0051252,GO:0051253,GO:0051254,GO:0051276,GO:0051445,GO:0051704,GO:0051716,GO:0051726,GO:0051783,GO:0060255,GO:0060631,GO:0065007,GO:0070013,GO:0070461,GO:0070887,GO:0071214,GO:0071470,GO:0071554,GO:0071555,GO:0071704,GO:0071840,GO:0071852,GO:0072341,GO:0080090,GO:0090304,GO:0090605,GO:0090609,GO:0097159,GO:0104004,GO:0140110,GO:1900187,GO:1900189,GO:1900190,GO:1900192,GO:1901360,GO:1901363,GO:1901564,GO:1901983,GO:1901985,GO:1902275,GO:1902493,GO:1902494,GO:1902562,GO:1902679,GO:1902680,GO:1903506,GO:1903507,GO:1903508,GO:1905269,GO:1905368,GO:1990234,GO:1990414,GO:2000112,GO:2000113,GO:2000241,GO:2000756,GO:2000758,GO:2001141,GO:2001252
gene-IR01_07151	lcl|NW_015622508.1_cds_XP_016221277.1_7924	1.14222817894612	0.0113617188579828	DNA polymerase epsilon catalytic subunit A	DNA_pol_B,DNA_pol_B_exo1,DUF1744				GO:0000003,GO:0000070,GO:0000075,GO:0000076,GO:0000077,GO:0000228,GO:0000278,GO:0000280,GO:0000726,GO:0000731,GO:0000781,GO:0000784,GO:0000819,GO:0001672,GO:0003674,GO:0003676,GO:0003677,GO:0003690,GO:0003697,GO:0003723,GO:0003729,GO:0003824,GO:0003887,GO:0004518,GO:0004527,GO:0004529,GO:0004536,GO:0005488,GO:0005575,GO:0005622,GO:0005623,GO:0005634,GO:0005657,GO:0005694,GO:0006139,GO:0006259,GO:0006260,GO:0006261,GO:0006270,GO:0006271,GO:0006272,GO:0006279,GO:0006281,GO:0006284,GO:0006287,GO:0006289,GO:0006297,GO:0006301,GO:0006302,GO:0006303,GO:0006310,GO:0006325,GO:0006342,GO:0006355,GO:0006725,GO:0006807,GO:0006950,GO:0006974,GO:0006996,GO:0007049,GO:0007059,GO:0007062,GO:0007064,GO:0007093,GO:0007346,GO:0008150,GO:0008152,GO:0008296,GO:0008297,GO:0008310,GO:0008408,GO:0008622,GO:0009058,GO:0009059,GO:0009889,GO:0009890,GO:0009892,GO:0009987,GO:0010389,GO:0010468,GO:0010556,GO:0010558,GO:0010564,GO:0010605,GO:0010629,GO:0010638,GO:0010847,GO:0010948,GO:0010964,GO:0010972,GO:0016043,GO:0016070,GO:0016458,GO:0016740,GO:0016772,GO:0016779,GO:0016787,GO:0016788,GO:0016796,GO:0016895,GO:0018130,GO:0019219,GO:0019222,GO:0019438,GO:0019985,GO:0022402,GO:0022414,GO:0022616,GO:0031323,GO:0031324,GO:0031326,GO:0031327,GO:0031570,GO:0031573,GO:0031935,GO:0031937,GO:0031974,GO:0031981,GO:0032991,GO:0033043,GO:0033044,GO:0033260,GO:0033314,GO:0033554,GO:0034061,GO:0034401,GO:0034641,GO:0034645,GO:0034654,GO:0035822,GO:0040029,GO:0042276,GO:0042575,GO:0043170,GO:0043226,GO:0043227,GO:0043228,GO:0043229,GO:0043231,GO:0043232,GO:0043233,GO:0043254,GO:0043596,GO:0044087,GO:0044237,GO:0044238,GO:0044249,GO:0044260,GO:0044271,GO:0044422,GO:0044424,GO:0044427,GO:0044428,GO:0044446,GO:0044454,GO:0044464,GO:0044773,GO:0044774,GO:0044786,GO:0044818,GO:0045004,GO:0045005,GO:0045786,GO:0045814,GO:0045892,GO:0045930,GO:0045934,GO:0046483,GO:0048285,GO:0048518,GO:0048519,GO:0048522,GO:0048523,GO:0050789,GO:0050794,GO:0050896,GO:0051128,GO:0051130,GO:0051171,GO:0051172,GO:0051252,GO:0051253,GO:0051276,GO:0051321,GO:0051716,GO:0051726,GO:0060255,GO:0060966,GO:0060968,GO:0061695,GO:0065007,GO:0070013,GO:0070828,GO:0070868,GO:0071704,GO:0071840,GO:0071897,GO:0080090,GO:0090052,GO:0090053,GO:0090230,GO:0090304,GO:0090305,GO:0097159,GO:0097549,GO:0098687,GO:0098813,GO:0140014,GO:0140097,GO:1900049,GO:1901360,GO:1901362,GO:1901363,GO:1901576,GO:1901987,GO:1901988,GO:1901990,GO:1901991,GO:1902275,GO:1902292,GO:1902296,GO:1902315,GO:1902319,GO:1902494,GO:1902679,GO:1902749,GO:1902750,GO:1902969,GO:1902975,GO:1902983,GO:1903046,GO:1903047,GO:1903097,GO:1903460,GO:1903506,GO:1903507,GO:1905269,GO:1990234,GO:2000112,GO:2000113,GO:2001141,GO:2001252
gene-IR01_07278	lcl|NW_015622508.1_cds_XP_016221411.1_8058	1.73282255875914	0.0095534857963904	Belongs to the DEAD box helicase family	DEAD,Helicase_C				GO:0002181,GO:0002183,GO:0003674,GO:0003676,GO:0003723,GO:0003724,GO:0003743,GO:0003824,GO:0004004,GO:0004386,GO:0005488,GO:0005575,GO:0005622,GO:0005623,GO:0005634,GO:0005730,GO:0005737,GO:0005829,GO:0005840,GO:0005886,GO:0006139,GO:0006412,GO:0006413,GO:0006417,GO:0006446,GO:0006518,GO:0006725,GO:0006807,GO:0008026,GO:0008135,GO:0008150,GO:0008152,GO:0008186,GO:0009058,GO:0009059,GO:0009889,GO:0009987,GO:0010467,GO:0010468,GO:0010494,GO:0010501,GO:0010556,GO:0010608,GO:0016020,GO:0016070,GO:0016281,GO:0016462,GO:0016787,GO:0016817,GO:0016818,GO:0016887,GO:0017111,GO:0019222,GO:0019538,GO:0031323,GO:0031326,GO:0031974,GO:0031981,GO:0032268,GO:0032991,GO:0034248,GO:0034641,GO:0034645,GO:0035770,GO:0036464,GO:0042623,GO:0043043,GO:0043170,GO:0043226,GO:0043227,GO:0043228,GO:0043229,GO:0043231,GO:0043232,GO:0043233,GO:0043603,GO:0043604,GO:0044237,GO:0044238,GO:0044249,GO:0044260,GO:0044267,GO:0044271,GO:0044422,GO:0044424,GO:0044428,GO:0044444,GO:0044446,GO:0044464,GO:0046483,GO:0050789,GO:0050794,GO:0051171,GO:0051246,GO:0060255,GO:0065007,GO:0070013,GO:0070035,GO:0071704,GO:0071944,GO:0080090,GO:0090304,GO:0097159,GO:0140098,GO:1901360,GO:1901363,GO:1901564,GO:1901566,GO:1901576,GO:1990904,GO:2000112
gene-IR01_07316	lcl|NW_015622508.1_cds_XP_016221455.1_8099	0.784419162912394	0.0437915384524212	Serine threonine-protein phosphatase	Metallophos,STPPase_N				GO:0000003,GO:0000070,GO:0000075,GO:0000076,GO:0000077,GO:0000122,GO:0000164,GO:0000228,GO:0000278,GO:0000280,GO:0000775,GO:0000776,GO:0000777,GO:0000778,GO:0000779,GO:0000780,GO:0000785,GO:0000790,GO:0000793,GO:0000794,GO:0000819,GO:0000903,GO:0000910,GO:0001400,GO:0003006,GO:0003674,GO:0003824,GO:0004721,GO:0004722,GO:0005575,GO:0005622,GO:0005623,GO:0005634,GO:0005654,GO:0005694,GO:0005730,GO:0005737,GO:0005815,GO:0005816,GO:0005847,GO:0005849,GO:0005856,GO:0005933,GO:0005935,GO:0005937,GO:0005938,GO:0005975,GO:0005976,GO:0005977,GO:0006073,GO:0006091,GO:0006109,GO:0006112,GO:0006139,GO:0006259,GO:0006260,GO:0006261,GO:0006325,GO:0006342,GO:0006351,GO:0006353,GO:0006355,GO:0006357,GO:0006364,GO:0006366,GO:0006369,GO:0006396,GO:0006464,GO:0006470,GO:0006725,GO:0006793,GO:0006796,GO:0006807,GO:0006873,GO:0006950,GO:0006974,GO:0006986,GO:0006996,GO:0007049,GO:0007059,GO:0007080,GO:0007088,GO:0007093,GO:0007094,GO:0007114,GO:0007346,GO:0008104,GO:0008150,GO:0008152,GO:0008287,GO:0008360,GO:0008608,GO:0009058,GO:0009059,GO:0009266,GO:0009408,GO:0009628,GO:0009653,GO:0009889,GO:0009890,GO:0009892,GO:0009893,GO:0009987,GO:0010033,GO:0010467,GO:0010468,GO:0010556,GO:0010558,GO:0010562,GO:0010564,GO:0010604,GO:0010605,GO:0010629,GO:0010638,GO:0010639,GO:0010948,GO:0010965,GO:0015630,GO:0015980,GO:0016043,GO:0016070,GO:0016072,GO:0016311,GO:0016458,GO:0016569,GO:0016570,GO:0016576,GO:0016787,GO:0016788,GO:0016791,GO:0018130,GO:0019219,GO:0019220,GO:0019222,GO:0019438,GO:0019538,GO:0019725,GO:0019953,GO:0019954,GO:0022402,GO:0022413,GO:0022414,GO:0022603,GO:0022604,GO:0022613,GO:0023052,GO:0030071,GO:0030139,GO:0030154,GO:0030427,GO:0030435,GO:0030437,GO:0030846,GO:0030847,GO:0031134,GO:0031297,GO:0031323,GO:0031324,GO:0031325,GO:0031326,GO:0031327,GO:0031399,GO:0031401,GO:0031410,GO:0031570,GO:0031577,GO:0031974,GO:0031981,GO:0031982,GO:0032153,GO:0032268,GO:0032270,GO:0032465,GO:0032467,GO:0032502,GO:0032505,GO:0032774,GO:0032878,GO:0032879,GO:0032880,GO:0032954,GO:0032956,GO:0032970,GO:0032991,GO:0033036,GO:0033043,GO:0033044,GO:0033045,GO:0033046,GO:0033047,GO:0033048,GO:0033365,GO:0033554,GO:0034293,GO:0034470,GO:0034501,GO:0034502,GO:0034506,GO:0034613,GO:0034641,GO:0034645,GO:0034654,GO:0034660,GO:0035303,GO:0035304,GO:0035306,GO:0035307,GO:0035838,GO:0035839,GO:0035966,GO:0036211,GO:0040029,GO:0042221,GO:0042254,GO:0042578,GO:0042592,GO:0042995,GO:0043170,GO:0043226,GO:0043227,GO:0043228,GO:0043229,GO:0043231,GO:0043232,GO:0043233,GO:0043412,GO:0043934,GO:0043935,GO:0044042,GO:0044085,GO:0044087,GO:0044089,GO:0044237,GO:0044238,GO:0044249,GO:0044260,GO:0044262,GO:0044264,GO:0044267,GO:0044271,GO:0044422,GO:0044424,GO:0044427,GO:0044428,GO:0044430,GO:0044444,GO:0044446,GO:0044451,GO:0044454,GO:0044463,GO:0044464,GO:0044703,GO:0044848,GO:0045005,GO:0045786,GO:0045787,GO:0045814,GO:0045839,GO:0045840,GO:0045841,GO:0045842,GO:0045892,GO:0045930,GO:0045931,GO:0045934,GO:0045937,GO:0046483,GO:0048285,GO:0048468,GO:0048518,GO:0048519,GO:0048522,GO:0048523,GO:0048646,GO:0048856,GO:0048869,GO:0048878,GO:0050000,GO:0050789,GO:0050793,GO:0050794,GO:0050801,GO:0050896,GO:0051128,GO:0051129,GO:0051130,GO:0051171,GO:0051172,GO:0051173,GO:0051174,GO:0051179,GO:0051234,GO:0051246,GO:0051247,GO:0051252,GO:0051253,GO:0051276,GO:0051286,GO:0051301,GO:0051302,GO:0051303,GO:0051310,GO:0051315,GO:0051321,GO:0051493,GO:0051495,GO:0051640,GO:0051641,GO:0051649,GO:0051656,GO:0051704,GO:0051716,GO:0051726,GO:0051781,GO:0051783,GO:0051784,GO:0051785,GO:0051983,GO:0051984,GO:0051985,GO:0055082,GO:0055114,GO:0060255,GO:0060341,GO:0060623,GO:0061587,GO:0061638,GO:0062033,GO:0065007,GO:0065008,GO:0070013,GO:0070727,GO:0070940,GO:0071173,GO:0071174,GO:0071459,GO:0071704,GO:0071840,GO:0071944,GO:0072357,GO:0072690,GO:0080090,GO:0090068,GO:0090231,GO:0090233,GO:0090266,GO:0090304,GO:0097659,GO:0097708,GO:0098687,GO:0098813,GO:0099568,GO:0110020,GO:0120025,GO:0120038,GO:0140014,GO:0140096,GO:1901360,GO:1901362,GO:1901564,GO:1901576,GO:1901900,GO:1901901,GO:1901970,GO:1901976,GO:1901977,GO:1901987,GO:1901988,GO:1901989,GO:1901990,GO:1901991,GO:1901992,GO:1902099,GO:1902100,GO:1902101,GO:1902340,GO:1902412,GO:1902426,GO:1902494,GO:1902679,GO:1903046,GO:1903047,GO:1903066,GO:1903068,GO:1903293,GO:1903379,GO:1903436,GO:1903438,GO:1903490,GO:1903499,GO:1903501,GO:1903504,GO:1903506,GO:1903507,GO:1903827,GO:1903829,GO:1905213,GO:1905818,GO:1905819,GO:1905820,GO:1990567,GO:1990758,GO:2000112,GO:2000113,GO:2000114,GO:2000431,GO:2000433,GO:2000769,GO:2000771,GO:2000782,GO:2000784,GO:2000816,GO:2001141,GO:2001251,GO:2001252
gene-IR01_07729	lcl|NW_015622508.1_cds_XP_016221905.1_8552	1.29397593145784	0.00582396697281796	Tetratricopeptide repeat	TPR_1,TPR_16,TPR_2,TPR_8				GO:0000268,GO:0003674,GO:0005048,GO:0005052,GO:0005488,GO:0005515,GO:0005575,GO:0005622,GO:0005623,GO:0005737,GO:0005777,GO:0005778,GO:0005829,GO:0006082,GO:0006605,GO:0006625,GO:0006629,GO:0006631,GO:0006635,GO:0006810,GO:0006886,GO:0006996,GO:0007031,GO:0008104,GO:0008150,GO:0008152,GO:0009056,GO:0009062,GO:0009987,GO:0015031,GO:0015833,GO:0015919,GO:0016020,GO:0016042,GO:0016043,GO:0016054,GO:0016558,GO:0016560,GO:0017038,GO:0019395,GO:0019752,GO:0030258,GO:0030674,GO:0031090,GO:0031903,GO:0032787,GO:0032991,GO:0033036,GO:0033218,GO:0033365,GO:0034440,GO:0034613,GO:0042277,GO:0042579,GO:0042886,GO:0043226,GO:0043227,GO:0043229,GO:0043231,GO:0043436,GO:0043574,GO:0044237,GO:0044238,GO:0044242,GO:0044248,GO:0044255,GO:0044281,GO:0044282,GO:0044422,GO:0044424,GO:0044438,GO:0044439,GO:0044444,GO:0044446,GO:0044464,GO:0044743,GO:0045184,GO:0046395,GO:0046907,GO:0051179,GO:0051234,GO:0051641,GO:0051649,GO:0055085,GO:0055114,GO:0060090,GO:0065002,GO:0070727,GO:0071702,GO:0071704,GO:0071705,GO:0071806,GO:0071840,GO:0072329,GO:0072594,GO:0072662,GO:0072663,GO:0098588,GO:0098805,GO:1901575,GO:1990351,GO:1990415,GO:1990429
gene-IR01_07891	lcl|NW_015622508.1_cds_XP_016222084.1_8730	1.30330394253264	0.0422110273055625	Heat shock protein	HATPase_c,HSP90				GO:0000166,GO:0000491,GO:0000492,GO:0000723,GO:0003674,GO:0003824,GO:0005488,GO:0005515,GO:0005524,GO:0005575,GO:0005618,GO:0005622,GO:0005623,GO:0005737,GO:0005739,GO:0005829,GO:0005886,GO:0006139,GO:0006259,GO:0006457,GO:0006458,GO:0006605,GO:0006626,GO:0006725,GO:0006807,GO:0006810,GO:0006839,GO:0006886,GO:0006950,GO:0006970,GO:0006996,GO:0007005,GO:0007154,GO:0007165,GO:0008104,GO:0008144,GO:0008150,GO:0008152,GO:0009266,GO:0009277,GO:0009405,GO:0009408,GO:0009628,GO:0009719,GO:0009725,GO:0009755,GO:0009889,GO:0009891,GO:0009893,GO:0009986,GO:0009987,GO:0010033,GO:0010467,GO:0010556,GO:0010557,GO:0010570,GO:0010604,GO:0010638,GO:0010941,GO:0014070,GO:0015031,GO:0015833,GO:0016020,GO:0016043,GO:0016462,GO:0016787,GO:0016817,GO:0016818,GO:0016887,GO:0017076,GO:0017111,GO:0019219,GO:0019222,GO:0019538,GO:0022607,GO:0022613,GO:0022618,GO:0023052,GO:0030312,GO:0030428,GO:0030446,GO:0030447,GO:0030518,GO:0030522,GO:0030554,GO:0031323,GO:0031325,GO:0031326,GO:0031328,GO:0032200,GO:0032204,GO:0032206,GO:0032210,GO:0032212,GO:0032553,GO:0032555,GO:0032559,GO:0032870,GO:0033036,GO:0033043,GO:0033044,GO:0033365,GO:0033554,GO:0033993,GO:0034605,GO:0034613,GO:0034622,GO:0034641,GO:0035639,GO:0035690,GO:0036094,GO:0040007,GO:0040008,GO:0042026,GO:0042221,GO:0042493,GO:0042592,GO:0042623,GO:0042886,GO:0042981,GO:0043067,GO:0043167,GO:0043168,GO:0043170,GO:0043226,GO:0043227,GO:0043229,GO:0043231,GO:0043248,GO:0043401,GO:0043933,GO:0044085,GO:0044182,GO:0044237,GO:0044238,GO:0044260,GO:0044419,GO:0044424,GO:0044444,GO:0044464,GO:0045184,GO:0045926,GO:0045935,GO:0046483,GO:0046907,GO:0048518,GO:0048519,GO:0048522,GO:0048545,GO:0050789,GO:0050794,GO:0050896,GO:0051052,GO:0051054,GO:0051082,GO:0051128,GO:0051130,GO:0051171,GO:0051173,GO:0051179,GO:0051234,GO:0051276,GO:0051604,GO:0051641,GO:0051649,GO:0051704,GO:0051716,GO:0060249,GO:0060255,GO:0060258,GO:0061077,GO:0065003,GO:0065007,GO:0065008,GO:0070585,GO:0070727,GO:0070887,GO:0071310,GO:0071383,GO:0071396,GO:0071407,GO:0071495,GO:0071702,GO:0071704,GO:0071705,GO:0071826,GO:0071840,GO:0071944,GO:0072594,GO:0072655,GO:0080090,GO:0090304,GO:0097159,GO:0097367,GO:1900428,GO:1900429,GO:1901265,GO:1901360,GO:1901363,GO:1901564,GO:1904356,GO:1904358,GO:2000112,GO:2000278,GO:2000573,GO:2001252
gene-IR01_07958	lcl|NW_015622508.1_cds_XP_016222155.1_8802	2.2210678091527	2.36768638071485e-05	DNA polymerase X family	DNA_pol_B_palm,DNA_pol_B_thumb,DNA_pol_lambd_f,HHH_8				GO:0000278,GO:0000726,GO:0000731,GO:0003674,GO:0003824,GO:0003887,GO:0003896,GO:0003899,GO:0006139,GO:0006259,GO:0006260,GO:0006261,GO:0006269,GO:0006281,GO:0006284,GO:0006287,GO:0006301,GO:0006302,GO:0006303,GO:0006725,GO:0006807,GO:0006950,GO:0006974,GO:0007049,GO:0008150,GO:0008152,GO:0009058,GO:0009059,GO:0009987,GO:0016070,GO:0016740,GO:0016772,GO:0016779,GO:0016829,GO:0016835,GO:0018130,GO:0019438,GO:0019985,GO:0022402,GO:0032774,GO:0033260,GO:0033554,GO:0034061,GO:0034062,GO:0034641,GO:0034645,GO:0034654,GO:0042276,GO:0043170,GO:0044237,GO:0044238,GO:0044249,GO:0044260,GO:0044271,GO:0044786,GO:0046483,GO:0050896,GO:0051575,GO:0051716,GO:0061674,GO:0071704,GO:0071897,GO:0090304,GO:0097747,GO:0140097,GO:0140098,GO:1901360,GO:1901362,GO:1901576,GO:1902969,GO:1903047,GO:1990506
gene-IR01_07987	lcl|NW_015622508.1_cds_XP_016222187.1_8834	-1.72591743285191	0.0133896401784218	Belongs to the DEAD box helicase family	DEAD,Helicase_C				GO:0000027,GO:0000166,GO:0000460,GO:0000463,GO:0000464,GO:0000466,GO:0000469,GO:0000470,GO:0000478,GO:0000479,GO:0003674,GO:0003724,GO:0003824,GO:0004004,GO:0004386,GO:0005488,GO:0005524,GO:0005575,GO:0005622,GO:0005623,GO:0005634,GO:0005730,GO:0005737,GO:0006139,GO:0006364,GO:0006396,GO:0006725,GO:0006807,GO:0006996,GO:0008026,GO:0008144,GO:0008150,GO:0008152,GO:0008186,GO:0009987,GO:0010467,GO:0010501,GO:0016043,GO:0016070,GO:0016072,GO:0016462,GO:0016787,GO:0016817,GO:0016818,GO:0016887,GO:0017076,GO:0017111,GO:0022607,GO:0022613,GO:0022618,GO:0030554,GO:0030684,GO:0030687,GO:0031974,GO:0031981,GO:0032553,GO:0032555,GO:0032559,GO:0032991,GO:0034470,GO:0034622,GO:0034641,GO:0034660,GO:0035639,GO:0036094,GO:0042254,GO:0042255,GO:0042273,GO:0042623,GO:0043167,GO:0043168,GO:0043170,GO:0043226,GO:0043227,GO:0043228,GO:0043229,GO:0043231,GO:0043232,GO:0043233,GO:0043933,GO:0044085,GO:0044237,GO:0044238,GO:0044422,GO:0044424,GO:0044428,GO:0044446,GO:0044464,GO:0046483,GO:0065003,GO:0070013,GO:0070035,GO:0070925,GO:0071704,GO:0071826,GO:0071840,GO:0090304,GO:0090305,GO:0090501,GO:0090502,GO:0097159,GO:0097367,GO:0140098,GO:1901265,GO:1901360,GO:1901363,GO:1990904
gene-IR01_08123	lcl|NW_015622509.1_cds_XP_016219918.1_8986	-0.959184527671429	0.00543687226467153	Ubiquitin homologues	Rad60-SLD				GO:0000228,GO:0000723,GO:0000793,GO:0000794,GO:0003674,GO:0005575,GO:0005622,GO:0005623,GO:0005634,GO:0005694,GO:0005737,GO:0005815,GO:0005816,GO:0005856,GO:0005938,GO:0005940,GO:0006139,GO:0006259,GO:0006325,GO:0006342,GO:0006355,GO:0006464,GO:0006725,GO:0006807,GO:0006996,GO:0008150,GO:0008152,GO:0009889,GO:0009890,GO:0009892,GO:0009987,GO:0010468,GO:0010556,GO:0010558,GO:0010605,GO:0010629,GO:0010639,GO:0015630,GO:0016043,GO:0016458,GO:0016925,GO:0018193,GO:0018205,GO:0019219,GO:0019222,GO:0019538,GO:0030466,GO:0030702,GO:0030998,GO:0031056,GO:0031057,GO:0031060,GO:0031061,GO:0031323,GO:0031324,GO:0031326,GO:0031327,GO:0031386,GO:0031399,GO:0031400,GO:0031974,GO:0031981,GO:0032156,GO:0032200,GO:0032268,GO:0032269,GO:0032446,GO:0033043,GO:0033044,GO:0034641,GO:0035065,GO:0035067,GO:0036211,GO:0040029,GO:0042592,GO:0043170,GO:0043226,GO:0043227,GO:0043228,GO:0043229,GO:0043231,GO:0043232,GO:0043233,GO:0043412,GO:0044237,GO:0044238,GO:0044260,GO:0044267,GO:0044422,GO:0044424,GO:0044427,GO:0044428,GO:0044430,GO:0044444,GO:0044446,GO:0044448,GO:0044454,GO:0044464,GO:0044732,GO:0045814,GO:0045892,GO:0045934,GO:0046483,GO:0048519,GO:0048523,GO:0050789,GO:0050794,GO:0051128,GO:0051129,GO:0051171,GO:0051172,GO:0051246,GO:0051248,GO:0051252,GO:0051253,GO:0051276,GO:0051569,GO:0051570,GO:0051572,GO:0051573,GO:0060249,GO:0060255,GO:0065007,GO:0065008,GO:0070013,GO:0070647,GO:0071440,GO:0071441,GO:0071704,GO:0071840,GO:0071944,GO:0080090,GO:0090304,GO:0099086,GO:0099568,GO:1901360,GO:1901564,GO:1901983,GO:1901984,GO:1902275,GO:1902679,GO:1903506,GO:1903507,GO:1905268,GO:2000112,GO:2000113,GO:2000756,GO:2000757,GO:2001141,GO:2001251
gene-IR01_08148	lcl|NW_015622509.1_cds_XP_016219943.1_9011	1.0343762258119	0.0101086800264297	F-box and leucine-rich repeat protein GRR1	F-box-like,LRR_6				GO:0000003,GO:0000082,GO:0000142,GO:0000151,GO:0000209,GO:0000278,GO:0000749,GO:0000751,GO:0003006,GO:0003674,GO:0005488,GO:0005515,GO:0005575,GO:0005622,GO:0005623,GO:0005634,GO:0005737,GO:0005826,GO:0005856,GO:0005933,GO:0005935,GO:0005938,GO:0006464,GO:0006508,GO:0006511,GO:0006807,GO:0006950,GO:0006974,GO:0007049,GO:0007050,GO:0007346,GO:0008150,GO:0008152,GO:0009056,GO:0009057,GO:0009653,GO:0009987,GO:0010033,GO:0010498,GO:0015629,GO:0016567,GO:0019005,GO:0019236,GO:0019538,GO:0019941,GO:0019953,GO:0022402,GO:0022413,GO:0022414,GO:0030154,GO:0030163,GO:0030427,GO:0030435,GO:0030437,GO:0030674,GO:0030863,GO:0030864,GO:0031136,GO:0031137,GO:0031139,GO:0031146,GO:0031461,GO:0032153,GO:0032155,GO:0032446,GO:0032502,GO:0032505,GO:0032991,GO:0033554,GO:0034293,GO:0036211,GO:0042221,GO:0043161,GO:0043170,GO:0043226,GO:0043227,GO:0043228,GO:0043229,GO:0043231,GO:0043232,GO:0043412,GO:0043632,GO:0043900,GO:0043902,GO:0043934,GO:0043935,GO:0044237,GO:0044238,GO:0044248,GO:0044257,GO:0044260,GO:0044265,GO:0044267,GO:0044422,GO:0044424,GO:0044430,GO:0044444,GO:0044446,GO:0044448,GO:0044464,GO:0044703,GO:0044770,GO:0044772,GO:0044843,GO:0045786,GO:0045930,GO:0046999,GO:0048468,GO:0048518,GO:0048519,GO:0048522,GO:0048523,GO:0048646,GO:0048856,GO:0048869,GO:0050789,GO:0050794,GO:0050896,GO:0051321,GO:0051597,GO:0051603,GO:0051704,GO:0051716,GO:0051726,GO:0060090,GO:0065007,GO:0070647,GO:0070887,GO:0070938,GO:0071310,GO:0071406,GO:0071444,GO:0071704,GO:0071850,GO:0071944,GO:0099568,GO:0110085,GO:1901564,GO:1901565,GO:1901575,GO:1902494,GO:1903046,GO:1903047,GO:1990234,GO:2000241,GO:2000243
gene-IR01_08154	lcl|NW_015622509.1_cds_XP_016219950.1_9018	1.36823719902611	0.00290727022728568	Polynucleotide kinase 3 phosphatase	AAA_33,PNK3P				GO:0000012,GO:0003674,GO:0003676,GO:0003677,GO:0003690,GO:0003824,GO:0005488,GO:0005575,GO:0005622,GO:0005623,GO:0005634,GO:0006139,GO:0006259,GO:0006281,GO:0006284,GO:0006302,GO:0006725,GO:0006793,GO:0006796,GO:0006807,GO:0006950,GO:0006974,GO:0008150,GO:0008152,GO:0009987,GO:0016301,GO:0016310,GO:0016311,GO:0016740,GO:0016772,GO:0016773,GO:0016787,GO:0016788,GO:0016791,GO:0019205,GO:0033554,GO:0034641,GO:0042578,GO:0043170,GO:0043226,GO:0043227,GO:0043229,GO:0043231,GO:0044237,GO:0044238,GO:0044260,GO:0044424,GO:0044464,GO:0046403,GO:0046404,GO:0046483,GO:0050896,GO:0051716,GO:0051731,GO:0051733,GO:0051734,GO:0071704,GO:0090304,GO:0097159,GO:0098501,GO:0098502,GO:0098503,GO:0098504,GO:0098506,GO:0098518,GO:1901360,GO:1901363
gene-IR01_08502	lcl|NW_015622509.1_cds_XP_016220348.1_9416	-1.67268615629213	0.00319482590352513	Belongs to the DEAD box helicase family	DEAD,Helicase_C				GO:0000166,GO:0000372,GO:0000373,GO:0000375,GO:0000376,GO:0000377,GO:0000959,GO:0000963,GO:0003674,GO:0003676,GO:0003723,GO:0003724,GO:0003725,GO:0003727,GO:0003729,GO:0003824,GO:0004004,GO:0004386,GO:0005488,GO:0005524,GO:0005575,GO:0005622,GO:0005623,GO:0005634,GO:0005730,GO:0005737,GO:0005739,GO:0005759,GO:0006139,GO:0006351,GO:0006354,GO:0006390,GO:0006392,GO:0006396,GO:0006397,GO:0006725,GO:0006807,GO:0008026,GO:0008144,GO:0008150,GO:0008152,GO:0008186,GO:0008380,GO:0009058,GO:0009059,GO:0009987,GO:0010467,GO:0010501,GO:0016070,GO:0016071,GO:0016462,GO:0016787,GO:0016817,GO:0016818,GO:0016887,GO:0017076,GO:0017111,GO:0018130,GO:0019438,GO:0030554,GO:0031974,GO:0031981,GO:0032553,GO:0032555,GO:0032559,GO:0032774,GO:0033592,GO:0034337,GO:0034641,GO:0034645,GO:0034654,GO:0035639,GO:0036094,GO:0042623,GO:0043167,GO:0043168,GO:0043170,GO:0043226,GO:0043227,GO:0043228,GO:0043229,GO:0043231,GO:0043232,GO:0043233,GO:0044237,GO:0044238,GO:0044249,GO:0044260,GO:0044271,GO:0044422,GO:0044424,GO:0044428,GO:0044429,GO:0044444,GO:0044446,GO:0044464,GO:0046483,GO:0070013,GO:0070035,GO:0071704,GO:0090304,GO:0090615,GO:0097159,GO:0097367,GO:0097617,GO:0097659,GO:0140053,GO:0140098,GO:1901265,GO:1901360,GO:1901362,GO:1901363,GO:1901576
gene-IR01_08565	lcl|NW_015622509.1_cds_XP_016220423.1_9491	1.67526992420296	0.033645521368282	DNA excision repair protein ERCC-1	HHH_5,Rad10				GO:0000003,GO:0000014,GO:0000109,GO:0000110,GO:0000710,GO:0000726,GO:0000733,GO:0000735,GO:0000736,GO:0003006,GO:0003674,GO:0003676,GO:0003677,GO:0003684,GO:0003697,GO:0003824,GO:0004518,GO:0004519,GO:0004520,GO:0004536,GO:0005488,GO:0005515,GO:0005575,GO:0005622,GO:0005623,GO:0005634,GO:0005694,GO:0006139,GO:0006259,GO:0006277,GO:0006281,GO:0006289,GO:0006296,GO:0006298,GO:0006302,GO:0006310,GO:0006312,GO:0006725,GO:0006807,GO:0006950,GO:0006974,GO:0006996,GO:0007049,GO:0007530,GO:0007531,GO:0007533,GO:0007534,GO:0008150,GO:0008152,GO:0009058,GO:0009059,GO:0009314,GO:0009411,GO:0009416,GO:0009628,GO:0009987,GO:0016043,GO:0016787,GO:0016788,GO:0018130,GO:0019438,GO:0022402,GO:0022413,GO:0022414,GO:0030154,GO:0031593,GO:0032392,GO:0032502,GO:0032505,GO:0032991,GO:0033554,GO:0033683,GO:0034641,GO:0034644,GO:0034645,GO:0034654,GO:0035822,GO:0035861,GO:0043170,GO:0043226,GO:0043227,GO:0043228,GO:0043229,GO:0043231,GO:0043232,GO:0044237,GO:0044238,GO:0044249,GO:0044260,GO:0044271,GO:0044422,GO:0044424,GO:0044427,GO:0044428,GO:0044446,GO:0044464,GO:0045002,GO:0045165,GO:0046483,GO:0048869,GO:0050896,GO:0051276,GO:0051321,GO:0051716,GO:0061982,GO:0070522,GO:0070914,GO:0071103,GO:0071214,GO:0071478,GO:0071482,GO:0071704,GO:0071840,GO:0071897,GO:0090304,GO:0090305,GO:0090734,GO:0097159,GO:0104004,GO:0140030,GO:0140097,GO:1901360,GO:1901362,GO:1901363,GO:1901576,GO:1903046,GO:1990391
gene-IR01_08609	lcl|NW_015622509.1_cds_XP_016220470.1_9538	4.18546952230638	0.000699901248599434	DSHCT	DEAD,DSHCT,Helicase_C,rRNA_proc-arch				GO:0000459,GO:0000460,GO:0000466,GO:0000467,GO:0000469,GO:0000956,GO:0003674,GO:0003676,GO:0003723,GO:0003724,GO:0003727,GO:0003729,GO:0003824,GO:0004004,GO:0004386,GO:0005488,GO:0005575,GO:0005622,GO:0005623,GO:0005634,GO:0005730,GO:0006139,GO:0006364,GO:0006396,GO:0006399,GO:0006401,GO:0006402,GO:0006403,GO:0006405,GO:0006406,GO:0006611,GO:0006725,GO:0006807,GO:0006810,GO:0006886,GO:0006913,GO:0008026,GO:0008104,GO:0008143,GO:0008150,GO:0008152,GO:0008186,GO:0008298,GO:0009056,GO:0009057,GO:0009892,GO:0009987,GO:0010467,GO:0010468,GO:0010605,GO:0010629,GO:0015031,GO:0015833,GO:0015931,GO:0016070,GO:0016071,GO:0016072,GO:0016073,GO:0016074,GO:0016075,GO:0016078,GO:0016180,GO:0016462,GO:0016787,GO:0016817,GO:0016818,GO:0016887,GO:0016973,GO:0017111,GO:0019222,GO:0019439,GO:0022613,GO:0031123,GO:0031125,GO:0031126,GO:0031499,GO:0031503,GO:0031974,GO:0031981,GO:0032991,GO:0033036,GO:0034458,GO:0034459,GO:0034470,GO:0034472,GO:0034475,GO:0034476,GO:0034613,GO:0034641,GO:0034655,GO:0034660,GO:0034661,GO:0042254,GO:0042623,GO:0042886,GO:0043144,GO:0043170,GO:0043226,GO:0043227,GO:0043228,GO:0043229,GO:0043231,GO:0043232,GO:0043233,GO:0043628,GO:0043629,GO:0043630,GO:0043631,GO:0043632,GO:0043633,GO:0043634,GO:0044085,GO:0044237,GO:0044238,GO:0044248,GO:0044260,GO:0044265,GO:0044270,GO:0044422,GO:0044424,GO:0044428,GO:0044446,GO:0044464,GO:0045184,GO:0046483,GO:0046700,GO:0046907,GO:0048519,GO:0050657,GO:0050658,GO:0050789,GO:0051028,GO:0051168,GO:0051169,GO:0051179,GO:0051234,GO:0051236,GO:0051641,GO:0051649,GO:0060255,GO:0065007,GO:0070013,GO:0070035,GO:0070717,GO:0070727,GO:0071025,GO:0071027,GO:0071028,GO:0071029,GO:0071031,GO:0071033,GO:0071035,GO:0071038,GO:0071042,GO:0071046,GO:0071047,GO:0071049,GO:0071051,GO:0071166,GO:0071426,GO:0071427,GO:0071702,GO:0071704,GO:0071705,GO:0071840,GO:0090304,GO:0090305,GO:0090501,GO:0090503,GO:0097159,GO:0140098,GO:1901360,GO:1901361,GO:1901363,GO:1901575
gene-IR01_08827	lcl|NW_015622509.1_cds_XP_016220720.1_9788	0.816469305618813	0.0459992675266837	Adenosinetriphosphatase	HSA,Helicase_C,SNF2_N				GO:0000166,GO:0000228,GO:0000785,GO:0000790,GO:0000812,GO:0003674,GO:0003676,GO:0003677,GO:0003678,GO:0003824,GO:0004003,GO:0004386,GO:0005198,GO:0005488,GO:0005524,GO:0005575,GO:0005622,GO:0005623,GO:0005634,GO:0005694,GO:0005737,GO:0005829,GO:0006325,GO:0006338,GO:0006355,GO:0006357,GO:0006996,GO:0008026,GO:0008094,GO:0008144,GO:0008150,GO:0009889,GO:0009987,GO:0010468,GO:0010556,GO:0016043,GO:0016462,GO:0016787,GO:0016817,GO:0016818,GO:0016887,GO:0017076,GO:0017111,GO:0019219,GO:0019222,GO:0030554,GO:0031323,GO:0031326,GO:0031974,GO:0031981,GO:0032392,GO:0032508,GO:0032553,GO:0032555,GO:0032559,GO:0032991,GO:0034728,GO:0035639,GO:0036094,GO:0042623,GO:0043044,GO:0043167,GO:0043168,GO:0043226,GO:0043227,GO:0043228,GO:0043229,GO:0043231,GO:0043232,GO:0043233,GO:0043486,GO:0043933,GO:0044422,GO:0044424,GO:0044427,GO:0044428,GO:0044444,GO:0044446,GO:0044454,GO:0044464,GO:0050789,GO:0050794,GO:0051171,GO:0051252,GO:0051276,GO:0060255,GO:0065007,GO:0070013,GO:0070035,GO:0070603,GO:0071103,GO:0071824,GO:0071840,GO:0080090,GO:0097159,GO:0097346,GO:0097367,GO:0140097,GO:1900239,GO:1900545,GO:1901265,GO:1901363,GO:1902494,GO:1903506,GO:1904949,GO:2000112,GO:2001141
